Workbook

Sheet для 2 треугольников
R2: ρ | S2: 1 | W2: пробуем посчитать турбулентность
R3: Δt | S3: 0.03
D4: X | E4: Y | R4: γ | S4: 0.1 | U4: вязкость
C5: 1 | D5: 0 | E5: 0
C6: 2 | D6: 1 | E6: 0
C7: 3 | D7: 1 | E7: 1
C8: 4 | D8: 0 | E8: 1
B10: 1 треугольник | F10: X | G10: Y
E11: 1 | F11: =D5 -> 0 | G11: =E5 -> 0
B12: одна точка интегрирования | E12: 2 | F12: =D6 -> 1 | G12: =E6 -> 0
E13: 3 | F13: =D7 -> 1 | G13: =E7 -> 1
B14: ось | C14: координата т. интегр. | E14: производные функции формы | J14: матрица Якоби [J] | N14: detJ | P14: detJ* коэф | R14: один раз умножаем!!!!! | U14: {J]-1
B15: ξ | C15: =1/3 -> 0.33333333 | E15: -1 | F15: 1 | G15: 0 | J15: {=MMULT(E15:G16,F11:G13)} -> 1 | K15: 0 | N15: =MDETERM(J15:K16) -> 1 | P15: =N15*0.5 -> 0.5 | Q15: S | U15: {=MINVERSE(J15:K16)} -> 1 | V15: 0
B16: η | C16: =1/3 -> 0.33333333 | E16: -1 | F16: 0 | G16: 1 | J16: 1 | K16: 1 | U16: -1 | V16: 1
E19: N1 | F19: N2 | G19: N3 | I19: NT | K19: NT*N | O19: NT*N*detJ*коэф
E20: =1-C15-C16 -> 0.33333333 | F20: =C15 -> 0.33333333 | G20: =C16 -> 0.33333333 | I20: {=TRANSPOSE(E20:G20)} -> 0.33333333 | K20: {=MMULT(I20:I22,E20:G20)} -> 0.11111111 | L20: 0.11111111 | M20: 0.11111111 | O20: =K20*$P$15 -> 0.055555556 | P20: =L20*$P$15 -> 0.055555556 | Q20: =M20*$P$15 -> 0.055555556
I21: 0.33333333 | K21: 0.11111111 | L21: 0.11111111 | M21: 0.11111111 | O21: =K21*$P$15 -> 0.055555556 | P21: =L21*$P$15 -> 0.055555556 | Q21: =M21*$P$15 -> 0.055555556
E22: =SUM(E20:G20) -> 1 | I22: 0.33333333 | K22: 0.11111111 | L22: 0.11111111 | M22: 0.11111111 | O22: =K22*$P$15 -> 0.055555556 | P22: =L22*$P$15 -> 0.055555556 | Q22: =M22*$P$15 -> 0.055555556
O23: трансп dNi/dx, dNi/dy | V23: K1
E24: {=MMULT($U$15:$V$16,E15:E16)} -> -1 | F24: {=MMULT($U$15:$V$16,F15:F16)} -> 1 | G24: {=MMULT($U$15:$V$16,G15:G16)} -> 0 | O24: {=TRANSPOSE(E24:G25)} -> -1 | P24: 0 | R24: {=MMULT(O24:P26,E24:G25)} -> 1 | S24: -1 | T24: 0 | V24: =R24*$P$15 -> 0.5 | W24: =S24*$P$15 -> -0.5 | X24: =T24*$P$15 -> 0
E25: 0 | F25: -1 | G25: 1 | O25: 1 | P25: -1 | R25: -1 | S25: 2 | T25: -1 | V25: =R25*$P$15 -> -0.5 | W25: =S25*$P$15 -> 1 | X25: =T25*$P$15 -> -0.5
O26: 0 | P26: 1 | R26: 0 | S26: -1 | T26: 1 | V26: =R26*$P$15 -> 0 | W26: =S26*$P$15 -> -0.5 | X26: =T26*$P$15 -> 0.5
E27: B | L27: BT | P27: BT*B | W27: BT*B*det[J]*коэф
E28: =E24 -> -1 | F28: 0 | G28: =F24 -> 1 | H28: 0 | I28: =G24 -> 0 | J28: 0 | L28: {=TRANSPOSE(E28:J30)} -> -1 | M28: 0 | N28: 0 | P28: {=MMULT(L28:N33,E28:J30)} -> 1 | Q28: 0 | R28: -1 | S28: 0 | T28: 0 | U28: 0 | W28: =P28*$P$15 -> 0.5 | X28: =Q28*$P$15 -> 0 | Y28: =R28*$P$15 -> -0.5 | Z28: =S28*$P$15 -> 0 | AA28: =T28*$P$15 -> 0 | AB28: =U28*$P$15 -> 0
E29: 0 | F29: =E25 -> 0 | G29: 0 | H29: =F25 -> -1 | I29: 0 | J29: =G25 -> 1 | L29: 0 | M29: 0 | N29: -1 | P29: 0 | Q29: 1 | R29: 1 | S29: -1 | T29: -1 | U29: 0 | W29: =P29*$P$15 -> 0 | X29: =Q29*$P$15 -> 0.5 | Y29: =R29*$P$15 -> 0.5 | Z29: =S29*$P$15 -> -0.5 | AA29: =T29*$P$15 -> -0.5 | AB29: =U29*$P$15 -> 0
E30: =E25 -> 0 | F30: =E24 -> -1 | G30: =F25 -> -1 | H30: =F24 -> 1 | I30: =G25 -> 1 | J30: =G24 -> 0 | L30: 1 | M30: 0 | N30: -1 | P30: -1 | Q30: 1 | R30: 2 | S30: -1 | T30: -1 | U30: 0 | W30: =P30*$P$15 -> -0.5 | X30: =Q30*$P$15 -> 0.5 | Y30: =R30*$P$15 -> 1 | Z30: =S30*$P$15 -> -0.5 | AA30: =T30*$P$15 -> -0.5 | AB30: =U30*$P$15 -> 0
L31: 0 | M31: -1 | N31: 1 | P31: 0 | Q31: -1 | R31: -1 | S31: 2 | T31: 1 | U31: -1 | W31: =P31*$P$15 -> 0 | X31: =Q31*$P$15 -> -0.5 | Y31: =R31*$P$15 -> -0.5 | Z31: =S31*$P$15 -> 1 | AA31: =T31*$P$15 -> 0.5 | AB31: =U31*$P$15 -> -0.5
L32: 0 | M32: 0 | N32: 1 | P32: 0 | Q32: -1 | R32: -1 | S32: 1 | T32: 1 | U32: 0 | W32: =P32*$P$15 -> 0 | X32: =Q32*$P$15 -> -0.5 | Y32: =R32*$P$15 -> -0.5 | Z32: =S32*$P$15 -> 0.5 | AA32: =T32*$P$15 -> 0.5 | AB32: =U32*$P$15 -> 0
L33: 0 | M33: 1 | N33: 0 | P33: 0 | Q33: 0 | R33: 0 | S33: -1 | T33: 0 | U33: 1 | W33: =P33*$P$15 -> 0 | X33: =Q33*$P$15 -> 0 | Y33: =R33*$P$15 -> 0 | Z33: =S33*$P$15 -> -0.5 | AA33: =T33*$P$15 -> 0 | AB33: =U33*$P$15 -> 0.5
B36: 2 треугольник | F36: X | G36: Y
E37: 1 | F37: =D5 -> 0 | G37: =E5 -> 0
B38: одна точка интегрирования | E38: 3 | F38: =D7 -> 1 | G38: =E7 -> 1
E39: 4 | F39: =D8 -> 0 | G39: =E8 -> 1
B40: ось | C40: координата т. интегр. | E40: производные функции формы | J40: матрица Якоби [J] | N40: detJ | P40: detJ* коэф | R40: один раз умножаем!!!!! | U40: {J]-1
B41: ξ | C41: =1/3 -> 0.33333333 | E41: -1 | F41: 1 | G41: 0 | J41: {=MMULT(E41:G42,F37:G39)} -> 1 | K41: 1 | N41: =MDETERM(J41:K42) -> 1 | P41: =N41*0.5 -> 0.5 | Q41: S | U41: {=MINVERSE(J41:K42)} -> 1 | V41: -1
B42: η | C42: =1/3 -> 0.33333333 | E42: -1 | F42: 0 | G42: 1 | J42: 0 | K42: 1 | U42: 0 | V42: 1
E45: N1 | F45: N2 | G45: N3 | I45: NT | K45: NT*N | O45: NT*N*detJ*коэф
E46: =1-C41-C42 -> 0.33333333 | F46: =C41 -> 0.33333333 | G46: =C42 -> 0.33333333 | I46: {=TRANSPOSE(E46:G46)} -> 0.33333333 | K46: {=MMULT(I46:I48,E46:G46)} -> 0.11111111 | L46: 0.11111111 | M46: 0.11111111 | O46: =K46*$P$15 -> 0.055555556 | P46: =L46*$P$15 -> 0.055555556 | Q46: =M46*$P$15 -> 0.055555556
I47: 0.33333333 | K47: 0.11111111 | L47: 0.11111111 | M47: 0.11111111 | O47: =K47*$P$15 -> 0.055555556 | P47: =L47*$P$15 -> 0.055555556 | Q47: =M47*$P$15 -> 0.055555556
E48: =SUM(E46:G46) -> 1 | I48: 0.33333333 | K48: 0.11111111 | L48: 0.11111111 | M48: 0.11111111 | O48: =K48*$P$15 -> 0.055555556 | P48: =L48*$P$15 -> 0.055555556 | Q48: =M48*$P$15 -> 0.055555556
O49: трансп dNi/dx, dNi/dy | V49: K2
E50: {=MMULT($U$41:$V$42,E41:E42)} -> 0 | F50: {=MMULT($U$41:$V$42,F41:F42)} -> 1 | G50: {=MMULT($U$41:$V$42,G41:G42)} -> -1 | O50: {=TRANSPOSE(E50:G51)} -> 0 | P50: -1 | R50: {=MMULT(O50:P52,E50:G51)} -> 1 | S50: 0 | T50: -1 | V50: =R50*$P$41 -> 0.5 | W50: =S50*$P$41 -> 0 | X50: =T50*$P$41 -> -0.5
E51: -1 | F51: 0 | G51: 1 | O51: 1 | P51: 0 | R51: 0 | S51: 1 | T51: -1 | V51: =R51*$P$41 -> 0 | W51: =S51*$P$41 -> 0.5 | X51: =T51*$P$41 -> -0.5
O52: -1 | P52: 1 | R52: -1 | S52: -1 | T52: 2 | V52: =R52*$P$41 -> -0.5 | W52: =S52*$P$41 -> -0.5 | X52: =T52*$P$41 -> 1
E53: B | L53: BT | P53: BT*B | W53: BT*B*det[J]*коэф
E54: =E50 -> 0 | F54: 0 | G54: =F50 -> 1 | H54: 0 | I54: =G50 -> -1 | J54: 0 | L54: {=TRANSPOSE(E54:J56)} -> 0 | M54: 0 | N54: -1 | P54: {=MMULT(L54:N59,E54:J56)} -> 1 | Q54: 0 | R54: 0 | S54: -1 | T54: -1 | U54: 1 | W54: =P54*$P$41 -> 0.5 | X54: =Q54*$P$41 -> 0 | Y54: =R54*$P$41 -> 0 | Z54: =S54*$P$41 -> -0.5 | AA54: =T54*$P$41 -> -0.5 | AB54: =U54*$P$41 -> 0.5
E55: 0 | F55: {=E51} -> -1 | G55: 0 | H55: =F51 -> 0 | I55: 0 | J55: =G51 -> 1 | L55: 0 | M55: -1 | N55: 0 | P55: 0 | Q55: 1 | R55: 0 | S55: 0 | T55: 0 | U55: -1 | W55: =P55*$P$41 -> 0 | X55: =Q55*$P$41 -> 0.5 | Y55: =R55*$P$41 -> 0 | Z55: =S55*$P$41 -> 0 | AA55: =T55*$P$41 -> 0 | AB55: =U55*$P$41 -> -0.5
E56: =E51 -> -1 | F56: =E50 -> 0 | G56: =F51 -> 0 | H56: =F50 -> 1 | I56: =G51 -> 1 | J56: =G50 -> -1 | L56: 1 | M56: 0 | N56: 0 | P56: 0 | Q56: 0 | R56: 1 | S56: 0 | T56: -1 | U56: 0 | W56: =P56*$P$41 -> 0 | X56: =Q56*$P$41 -> 0 | Y56: =R56*$P$41 -> 0.5 | Z56: =S56*$P$41 -> 0 | AA56: =T56*$P$41 -> -0.5 | AB56: =U56*$P$41 -> 0
L57: 0 | M57: 0 | N57: 1 | P57: -1 | Q57: 0 | R57: 0 | S57: 1 | T57: 1 | U57: -1 | W57: =P57*$P$41 -> -0.5 | X57: =Q57*$P$41 -> 0 | Y57: =R57*$P$41 -> 0 | Z57: =S57*$P$41 -> 0.5 | AA57: =T57*$P$41 -> 0.5 | AB57: =U57*$P$41 -> -0.5
L58: -1 | M58: 0 | N58: 1 | P58: -1 | Q58: 0 | R58: -1 | S58: 1 | T58: 2 | U58: -1 | W58: =P58*$P$41 -> -0.5 | X58: =Q58*$P$41 -> 0 | Y58: =R58*$P$41 -> -0.5 | Z58: =S58*$P$41 -> 0.5 | AA58: =T58*$P$41 -> 1 | AB58: =U58*$P$41 -> -0.5
L59: 0 | M59: 1 | N59: -1 | P59: 1 | Q59: -1 | R59: 0 | S59: -1 | T59: -1 | U59: 2 | W59: =P59*$P$41 -> 0.5 | X59: =Q59*$P$41 -> -0.5 | Y59: =R59*$P$41 -> 0 | Z59: =S59*$P$41 -> -0.5 | AA59: =T59*$P$41 -> -0.5 | AB59: =U59*$P$41 -> 1
A60: обязательно давление
M61: M global | N61: 8*8
I62: M1 | R62: M1 scalar | W62: M scalar | AA62: M lump | AC62: M global
H63: 1 | I63: =O20 -> 0.055555556 | J63: =P20 -> 0.055555556 | K63: =Q20 -> 0.055555556 | R63: =I63 -> 0.055555556 | S63: =J63 -> 0.055555556 | T63: =K63 -> 0.055555556 | U63: 0 | W63: =R63+R69 -> 0.11111111 | X63: =S63+S69 -> 0.055555556 | Y63: =T63+T69 -> 0.11111111 | Z63: =U63+U69 -> 0.055555556 | AA63: =SUM(W63:Z63) -> 0.33333333 | AC63: =W63 -> 0.11111111 | AD63: =X63 -> 0.055555556 | AE63: =Y63 -> 0.11111111 | AF63: =Z63 -> 0.055555556 | AG63: 0 | AH63: 0 | AI63: 0 | AJ63: 0 | AL63: =AA63 -> 0.33333333 | AM63: 0 | AN63: 0 | AO63: 0 | AP63: 0 | AQ63: 0 | AR63: 0 | AS63: 0
H64: 2 | I64: =O21 -> 0.055555556 | J64: =P21 -> 0.055555556 | K64: =Q21 -> 0.055555556 | R64: =I64 -> 0.055555556 | S64: =J64 -> 0.055555556 | T64: =K64 -> 0.055555556 | U64: 0 | W64: =R64+R70 -> 0.055555556 | X64: =S64+S70 -> 0.055555556 | Y64: =T64+T70 -> 0.055555556 | Z64: =U64+U70 -> 0 | AA64: =SUM(W64:Z64) -> 0.16666667 | AC64: =W64 -> 0.055555556 | AD64: =X64 -> 0.055555556 | AE64: =Y64 -> 0.055555556 | AF64: =Z64 -> 0 | AG64: 0 | AH64: 0 | AI64: 0 | AJ64: 0 | AL64: 0 | AM64: =AA64 -> 0.16666667 | AN64: 0 | AO64: 0 | AP64: 0 | AQ64: 0 | AR64: 0 | AS64: 0
H65: 3 | I65: =O22 -> 0.055555556 | J65: =P22 -> 0.055555556 | K65: =Q22 -> 0.055555556 | R65: =I65 -> 0.055555556 | S65: =J65 -> 0.055555556 | T65: =K65 -> 0.055555556 | U65: 0 | W65: =R65+R71 -> 0.11111111 | X65: =S65+S71 -> 0.055555556 | Y65: =T65+T71 -> 0.11111111 | Z65: =U65+U71 -> 0.055555556 | AA65: =SUM(W65:Z65) -> 0.33333333 | AC65: =W65 -> 0.11111111 | AD65: =X65 -> 0.055555556 | AE65: =Y65 -> 0.11111111 | AF65: =Z65 -> 0.055555556 | AG65: 0 | AH65: 0 | AI65: 0 | AJ65: 0 | AL65: 0 | AM65: 0 | AN65: =AA65 -> 0.33333333 | AO65: 0 | AP65: 0 | AQ65: 0 | AR65: 0 | AS65: 0
R66: 0 | S66: 0 | T66: 0 | U66: 0 | W66: =R66+R72 -> 0.055555556 | X66: =S66+S72 -> 0 | Y66: =T66+T72 -> 0.055555556 | Z66: =U66+U72 -> 0.055555556 | AA66: =SUM(W66:Z66) -> 0.16666667 | AC66: =W66 -> 0.055555556 | AD66: =X66 -> 0 | AE66: =Y66 -> 0.055555556 | AF66: =Z66 -> 0.055555556 | AG66: 0 | AH66: 0 | AI66: 0 | AJ66: 0 | AL66: 0 | AM66: 0 | AN66: 0 | AO66: =AA66 -> 0.16666667 | AP66: 0 | AQ66: 0 | AR66: 0 | AS66: 0
I67: M2 | AC67: 0 | AD67: 0 | AE67: 0 | AF67: 0 | AG67: =W63 -> 0.11111111 | AH67: =X63 -> 0.055555556 | AI67: =Y63 -> 0.11111111 | AJ67: =Z63 -> 0.055555556 | AL67: 0 | AM67: 0 | AN67: 0 | AO67: 0 | AP67: =AA63 -> 0.33333333 | AQ67: 0 | AR67: 0 | AS67: 0
H68: 1 | I68: =O46 -> 0.055555556 | J68: =P46 -> 0.055555556 | K68: =Q46 -> 0.055555556 | R68: M2 scalar | AC68: 0 | AD68: 0 | AE68: 0 | AF68: 0 | AG68: =W64 -> 0.055555556 | AH68: =X64 -> 0.055555556 | AI68: =Y64 -> 0.055555556 | AJ68: =Z64 -> 0 | AL68: 0 | AM68: 0 | AN68: 0 | AO68: 0 | AP68: 0 | AQ68: =AA64 -> 0.16666667 | AR68: 0 | AS68: 0
H69: 3 | I69: =O47 -> 0.055555556 | J69: =P47 -> 0.055555556 | K69: =Q47 -> 0.055555556 | R69: =I68 -> 0.055555556 | S69: 0 | T69: =J68 -> 0.055555556 | U69: =K68 -> 0.055555556 | AC69: 0 | AD69: 0 | AE69: 0 | AF69: 0 | AG69: =W65 -> 0.11111111 | AH69: =X65 -> 0.055555556 | AI69: =Y65 -> 0.11111111 | AJ69: =Z65 -> 0.055555556 | AL69: 0 | AM69: 0 | AN69: 0 | AO69: 0 | AP69: 0 | AQ69: 0 | AR69: =AA65 -> 0.33333333 | AS69: 0
H70: 4 | I70: =O48 -> 0.055555556 | J70: =P48 -> 0.055555556 | K70: =Q48 -> 0.055555556 | R70: 0 | S70: 0 | T70: 0 | U70: 0 | AC70: 0 | AD70: 0 | AE70: 0 | AF70: 0 | AG70: =W66 -> 0.055555556 | AH70: =X66 -> 0 | AI70: =Y66 -> 0.055555556 | AJ70: =Z66 -> 0.055555556 | AL70: 0 | AM70: 0 | AN70: 0 | AO70: 0 | AP70: 0 | AQ70: 0 | AR70: 0 | AS70: =AA66 -> 0.16666667
R71: =I69 -> 0.055555556 | S71: 0 | T71: =J69 -> 0.055555556 | U71: =K69 -> 0.055555556
R72: =I70 -> 0.055555556 | S72: 0 | T72: =J70 -> 0.055555556 | U72: =K70 -> 0.055555556 | AL72: M-1
AL73: {=MINVERSE(AL63:AS70)} -> 3 | AM73: 0 | AN73: 0 | AO73: 0 | AP73: 0 | AQ73: 0 | AR73: 0 | AS73: 0
AL74: 0 | AM74: 6 | AN74: 0 | AO74: 0 | AP74: 0 | AQ74: 0 | AR74: 0 | AS74: 0
W75: 8*8 | AL75: 0 | AM75: 0 | AN75: 3 | AO75: 0 | AP75: 0 | AQ75: 0 | AR75: 0 | AS75: 0
I76: K1 | J76: с турбулентностью | W76: K full (с турбулентностью) | AL76: 0 | AM76: 0 | AN76: 0 | AO76: 6 | AP76: 0 | AQ76: 0 | AR76: 0 | AS76: 0
H77: 1 | I77: =V24*$H$294 -> 0.055727565 | J77: =W24*$H$294 -> -0.055727565 | K77: =X24*$H$294 -> 0 | M77: =I77 -> 0.055727565 | N77: =J77 -> -0.055727565 | O77: =K77 -> 0 | P77: 0 | R77: =M77+M82 -> 0.11145513 | S77: =N77+N82 -> -0.055727565 | T77: =O77+O82 -> 0 | U77: =P77+P82 -> -0.055727565 | W77: =R77 -> 0.11145513 | X77: =S77 -> -0.055727565 | Y77: =T77 -> 0 | Z77: =U77 -> -0.055727565 | AA77: 0 | AB77: 0 | AC77: 0 | AD77: 0 | AL77: 0 | AM77: 0 | AN77: 0 | AO77: 0 | AP77: 3 | AQ77: 0 | AR77: 0 | AS77: 0
H78: 2 | I78: =V25*$H$294 -> -0.055727565 | J78: =W25*$H$294 -> 0.11145513 | K78: =X25*$H$294 -> -0.055727565 | M78: =I78 -> -0.055727565 | N78: =J78 -> 0.11145513 | O78: =K78 -> -0.055727565 | P78: 0 | R78: =M78+M83 -> -0.055727565 | S78: =N78+N83 -> 0.11145513 | T78: =O78+O83 -> -0.055727565 | U78: =P78+P83 -> 0 | W78: =R78 -> -0.055727565 | X78: =S78 -> 0.11145513 | Y78: =T78 -> -0.055727565 | Z78: =U78 -> 0 | AA78: 0 | AB78: 0 | AC78: 0 | AD78: 0 | AL78: 0 | AM78: 0 | AN78: 0 | AO78: 0 | AP78: 0 | AQ78: 6 | AR78: 0 | AS78: 0
H79: 3 | I79: =V26*$H$294 -> 0 | J79: =W26*$H$294 -> -0.055727565 | K79: =X26*$H$294 -> 0.055727565 | M79: =I79 -> 0 | N79: =J79 -> -0.055727565 | O79: =K79 -> 0.055727565 | P79: 0 | R79: =M79+M84 -> 0 | S79: =N79+N84 -> -0.055727565 | T79: =O79+O84 -> 0.11145513 | U79: =P79+P84 -> -0.055727565 | W79: =R79 -> 0 | X79: =S79 -> -0.055727565 | Y79: =T79 -> 0.11145513 | Z79: =U79 -> -0.055727565 | AA79: 0 | AB79: 0 | AC79: 0 | AD79: 0 | AL79: 0 | AM79: 0 | AN79: 0 | AO79: 0 | AP79: 0 | AQ79: 0 | AR79: 3 | AS79: 0
M80: 0 | N80: 0 | O80: 0 | P80: 0 | R80: =M80+M85 -> -0.055727565 | S80: =N80+N85 -> 0 | T80: =O80+O85 -> -0.055727565 | U80: =P80+P85 -> 0.11145513 | W80: =R80 -> -0.055727565 | X80: =S80 -> 0 | Y80: =T80 -> -0.055727565 | Z80: =U80 -> 0.11145513 | AA80: 0 | AB80: 0 | AC80: 0 | AD80: 0 | AL80: 0 | AM80: 0 | AN80: 0 | AO80: 0 | AP80: 0 | AQ80: 0 | AR80: 0 | AS80: 6
I81: K2 | J81: с турбулентностью | W81: 0 | X81: 0 | Y81: 0 | Z81: 0 | AA81: =R77 -> 0.11145513 | AB81: =S77 -> -0.055727565 | AC81: =T77 -> 0 | AD81: =U77 -> -0.055727565
H82: 1 | I82: =V50*$J$294 -> 0.055727565 | J82: =W50*$J$294 -> 0 | K82: =X50*$J$294 -> -0.055727565 | M82: =I82 -> 0.055727565 | N82: 0 | O82: =J82 -> 0 | P82: =K82 -> -0.055727565 | W82: 0 | X82: 0 | Y82: 0 | Z82: 0 | AA82: =R78 -> -0.055727565 | AB82: =S78 -> 0.11145513 | AC82: =T78 -> -0.055727565 | AD82: =U78 -> 0
H83: 3 | I83: =V51*$J$294 -> 0 | J83: =W51*$J$294 -> 0.055727565 | K83: =X51*$J$294 -> -0.055727565 | M83: 0 | N83: 0 | O83: 0 | P83: 0 | W83: 0 | X83: 0 | Y83: 0 | Z83: 0 | AA83: =R79 -> 0 | AB83: =S79 -> -0.055727565 | AC83: =T79 -> 0.11145513 | AD83: =U79 -> -0.055727565
H84: 4 | I84: =V52*$J$294 -> -0.055727565 | J84: =W52*$J$294 -> -0.055727565 | K84: =X52*$J$294 -> 0.11145513 | M84: 0 | N84: 0 | O84: =J83 -> 0.055727565 | P84: =K83 -> -0.055727565 | W84: 0 | X84: 0 | Y84: 0 | Z84: 0 | AA84: =R80 -> -0.055727565 | AB84: =S80 -> 0 | AC84: =T80 -> -0.055727565 | AD84: =U80 -> 0.11145513
M85: =I84 -> -0.055727565 | N85: 0 | O85: =J84 -> -0.055727565 | P85: =K84 -> 0.11145513
A86: пересчитывается на каждом шаге!!! | J86: постоянно пересчитываем значение в центре (можно и через функции формы)
A87: в матрице конвекции скорость задана в центре элемента (в точке интегрирования) | J87: ux | K87: uy
H88: 1 треуг | J88: =(C187+C189+C191)/3 -> 0.33333333 | K88: =(C188+C190+C192)/3 -> 0
H89: Bx | L89: C1
H90: {=P41*MMULT(I20:I22,E24:G24)} -> -0.16666667 | I90: 0.16666667 | J90: 0 | K90: 1 | L90: {=$J$88*H90+$K$88*H95} -> -0.055555556 | M90: =$J$88*I90+$K$88*I95 -> 0.055555556 | N90: =$J$88*J90+$K$88*J95 -> 0
H91: -0.16666667 | I91: 0.16666667 | J91: 0 | K91: 2 | L91: =$J$88*H91+$K$88*H96 -> -0.055555556 | M91: =$J$88*I91+$K$88*I96 -> 0.055555556 | N91: =$J$88*J91+$K$88*J96 -> 0
H92: -0.16666667 | I92: 0.16666667 | J92: 0 | K92: 3 | L92: =$J$88*H92+$K$88*H97 -> -0.055555556 | M92: =$J$88*I92+$K$88*I97 -> 0.055555556 | N92: =$J$88*J92+$K$88*J97 -> 0
H94: By | L94: =L90 -> -0.055555556 | M94: =M90 -> 0.055555556 | N94: =N90 -> 0 | O94: 0 | Q94: =L94+L106 -> -0.055555556 | R94: =M94+M106 -> 0.055555556 | S94: =N94+N106 -> 0.11111111 | T94: =O94+O106 -> -0.11111111
H95: {=P15*MMULT(I20:I22,E25:G25)} -> 0 | I95: -0.16666667 | J95: 0.16666667 | L95: =L91 -> -0.055555556 | M95: =M91 -> 0.055555556 | N95: =N91 -> 0 | O95: 0 | Q95: =L95+L107 -> -0.055555556 | R95: =M95+M107 -> 0.055555556 | S95: =N95+N107 -> 0 | T95: =O95+O107 -> 0
H96: 0 | I96: -0.16666667 | J96: 0.16666667 | L96: =L92 -> -0.055555556 | M96: =M92 -> 0.055555556 | N96: =N92 -> 0 | O96: 0 | Q96: =L96+L108 -> -0.055555556 | R96: =M96+M108 -> 0.055555556 | S96: =N96+N108 -> 0.11111111 | T96: =O96+O108 -> -0.11111111
H97: 0 | I97: -0.16666667 | J97: 0.16666667 | L97: 0 | M97: 0 | N97: 0 | O97: 0 | Q97: =L97+L109 -> 0 | R97: =M97+M109 -> 0 | S97: =N97+N109 -> 0.11111111 | T97: =O97+O109 -> -0.11111111
J99: ux | K99: uy
H100: 2 треуг | J100: =(C187+C191+C193)/3 -> 0.66666667 | K100: =(C188+C192+C194)/3 -> 0
H101: Bx | L101: C2 | Q101: С full | R101: 8*8
H102: {=P41*MMULT(I46:I48,E50:G50)} -> 0 | I102: 0.16666667 | J102: -0.16666667 | K102: 1 | L102: =$J$100*H102+$K$100*H107 -> 0 | M102: =$J$100*I102+$K$100*I107 -> 0.11111111 | N102: =$J$100*J102+$K$100*J107 -> -0.11111111 | Q102: =Q94 -> -0.055555556 | R102: =R94 -> 0.055555556 | S102: =S94 -> 0.11111111 | T102: =T94 -> -0.11111111 | U102: 0 | V102: 0 | W102: 0 | X102: 0
H103: 0 | I103: 0.16666667 | J103: -0.16666667 | K103: 3 | L103: =$J$100*H103+$K$100*H108 -> 0 | M103: =$J$100*I103+$K$100*I108 -> 0.11111111 | N103: =$J$100*J103+$K$100*J108 -> -0.11111111 | Q103: =Q95 -> -0.055555556 | R103: =R95 -> 0.055555556 | S103: =S95 -> 0 | T103: =T95 -> 0 | U103: 0 | V103: 0 | W103: 0 | X103: 0
H104: 0 | I104: 0.16666667 | J104: -0.16666667 | K104: 4 | L104: =$J$100*H104+$K$100*H109 -> 0 | M104: =$J$100*I104+$K$100*I109 -> 0.11111111 | N104: =$J$100*J104+$K$100*J109 -> -0.11111111 | Q104: =Q96 -> -0.055555556 | R104: =R96 -> 0.055555556 | S104: =S96 -> 0.11111111 | T104: =T96 -> -0.11111111 | U104: 0 | V104: 0 | W104: 0 | X104: 0
Q105: =Q97 -> 0 | R105: =R97 -> 0 | S105: =S97 -> 0.11111111 | T105: =T97 -> -0.11111111 | U105: 0 | V105: 0 | W105: 0 | X105: 0
H106: By | L106: =L102 -> 0 | M106: 0 | N106: =M102 -> 0.11111111 | O106: =N102 -> -0.11111111 | Q106: 0 | R106: 0 | S106: 0 | T106: 0 | U106: =Q94 -> -0.055555556 | V106: =R94 -> 0.055555556 | W106: =S94 -> 0.11111111 | X106: =T94 -> -0.11111111
H107: {=P41*MMULT(I46:I48,E51:G51)} -> -0.16666667 | I107: 0 | J107: 0.16666667 | L107: 0 | M107: 0 | N107: 0 | O107: 0 | Q107: 0 | R107: 0 | S107: 0 | T107: 0 | U107: =Q95 -> -0.055555556 | V107: =R95 -> 0.055555556 | W107: =S95 -> 0 | X107: =T95 -> 0
H108: -0.16666667 | I108: 0 | J108: 0.16666667 | L108: =L103 -> 0 | M108: 0 | N108: =M103 -> 0.11111111 | O108: =N103 -> -0.11111111 | Q108: 0 | R108: 0 | S108: 0 | T108: 0 | U108: =Q96 -> -0.055555556 | V108: =R96 -> 0.055555556 | W108: =S96 -> 0.11111111 | X108: =T96 -> -0.11111111
H109: -0.16666667 | I109: 0 | J109: 0.16666667 | L109: =L104 -> 0 | M109: 0 | N109: =M104 -> 0.11111111 | O109: =N104 -> -0.11111111 | Q109: 0 | R109: 0 | S109: 0 | T109: 0 | U109: =Q97 -> 0 | V109: 0 | W109: =S97 -> 0.11111111 | X109: =T97 -> -0.11111111
K113: локальные узлы | M113: трансп dNi/dx, dNi/dy | R113: глобальные узлы
...

Sheet 2 шаг 
R2: ρ | S2: 1
R3: Δt | S3: 0.03
D4: X | E4: Y | R4: γ | S4: 0.1 | U4: вязкость
C5: 1 | D5: 0 | E5: 0
C6: 2 | D6: 1 | E6: 0
C7: 3 | D7: 1 | E7: 1
C8: 4 | D8: 0 | E8: 1
B10: 1 треугольник | F10: X | G10: Y
E11: 1 | F11: =D5 -> 0 | G11: =E5 -> 0
B12: одна точка интегрирования | E12: 2 | F12: =D6 -> 1 | G12: =E6 -> 0
E13: 3 | F13: =D7 -> 1 | G13: =E7 -> 1
B14: ось | C14: координата т. интегр. | E14: производные функции формы | J14: матрица Якоби [J] | N14: detJ | P14: detJ* коэф | R14: один раз умножаем!!!!! | U14: {J]-1
B15: ξ | C15: =1/3 -> 0.33333333 | E15: -1 | F15: 1 | G15: 0 | J15: {=MMULT(E15:G16,F11:G13)} -> 1 | K15: 0 | N15: =MDETERM(J15:K16) -> 1 | P15: =N15*0.5 -> 0.5 | Q15: S | U15: {=MINVERSE(J15:K16)} -> 1 | V15: 0
B16: η | C16: =1/3 -> 0.33333333 | E16: -1 | F16: 0 | G16: 1 | J16: 1 | K16: 1 | U16: -1 | V16: 1
E19: N1 | F19: N2 | G19: N3 | I19: NT | K19: NT*N | O19: NT*N*detJ*коэф
E20: =1-C15-C16 -> 0.33333333 | F20: =C15 -> 0.33333333 | G20: =C16 -> 0.33333333 | I20: {=TRANSPOSE(E20:G20)} -> 0.33333333 | K20: {=MMULT(I20:I22,E20:G20)} -> 0.11111111 | L20: 0.11111111 | M20: 0.11111111 | O20: =K20*$P$15 -> 0.055555556 | P20: =L20*$P$15 -> 0.055555556 | Q20: =M20*$P$15 -> 0.055555556
I21: 0.33333333 | K21: 0.11111111 | L21: 0.11111111 | M21: 0.11111111 | O21: =K21*$P$15 -> 0.055555556 | P21: =L21*$P$15 -> 0.055555556 | Q21: =M21*$P$15 -> 0.055555556
E22: =SUM(E20:G20) -> 1 | I22: 0.33333333 | K22: 0.11111111 | L22: 0.11111111 | M22: 0.11111111 | O22: =K22*$P$15 -> 0.055555556 | P22: =L22*$P$15 -> 0.055555556 | Q22: =M22*$P$15 -> 0.055555556
V23: K1
E24: {=MMULT($U$15:$V$16,E15:E16)} -> -1 | F24: {=MMULT($U$15:$V$16,F15:F16)} -> 1 | G24: {=MMULT($U$15:$V$16,G15:G16)} -> 0 | O24: {=TRANSPOSE(E24:G25)} -> -1 | P24: 0 | R24: {=MMULT(O24:P26,E24:G25)} -> 1 | S24: -1 | T24: 0 | V24: =R24*$P$15 -> 0.5 | W24: =S24*$P$15 -> -0.5 | X24: =T24*$P$15 -> 0
E25: 0 | F25: -1 | G25: 1 | O25: 1 | P25: -1 | R25: -1 | S25: 2 | T25: -1 | V25: =R25*$P$15 -> -0.5 | W25: =S25*$P$15 -> 1 | X25: =T25*$P$15 -> -0.5
O26: 0 | P26: 1 | R26: 0 | S26: -1 | T26: 1 | V26: =R26*$P$15 -> 0 | W26: =S26*$P$15 -> -0.5 | X26: =T26*$P$15 -> 0.5
E27: B | L27: BT | P27: BT*B | W27: BT*B*det[J]*коэф
E28: =E24 -> -1 | F28: 0 | G28: =F24 -> 1 | H28: 0 | I28: =G24 -> 0 | J28: 0 | L28: {=TRANSPOSE(E28:J30)} -> -1 | M28: 0 | N28: 0 | P28: {=MMULT(L28:N33,E28:J30)} -> 1 | Q28: 0 | R28: -1 | S28: 0 | T28: 0 | U28: 0 | W28: =P28*$P$15 -> 0.5 | X28: =Q28*$P$15 -> 0 | Y28: =R28*$P$15 -> -0.5 | Z28: =S28*$P$15 -> 0 | AA28: =T28*$P$15 -> 0 | AB28: =U28*$P$15 -> 0
E29: 0 | F29: =E25 -> 0 | G29: 0 | H29: =F25 -> -1 | I29: 0 | J29: =G25 -> 1 | L29: 0 | M29: 0 | N29: -1 | P29: 0 | Q29: 1 | R29: 1 | S29: -1 | T29: -1 | U29: 0 | W29: =P29*$P$15 -> 0 | X29: =Q29*$P$15 -> 0.5 | Y29: =R29*$P$15 -> 0.5 | Z29: =S29*$P$15 -> -0.5 | AA29: =T29*$P$15 -> -0.5 | AB29: =U29*$P$15 -> 0
E30: =E25 -> 0 | F30: =E24 -> -1 | G30: =F25 -> -1 | H30: =F24 -> 1 | I30: =G25 -> 1 | J30: =G24 -> 0 | L30: 1 | M30: 0 | N30: -1 | P30: -1 | Q30: 1 | R30: 2 | S30: -1 | T30: -1 | U30: 0 | W30: =P30*$P$15 -> -0.5 | X30: =Q30*$P$15 -> 0.5 | Y30: =R30*$P$15 -> 1 | Z30: =S30*$P$15 -> -0.5 | AA30: =T30*$P$15 -> -0.5 | AB30: =U30*$P$15 -> 0
L31: 0 | M31: -1 | N31: 1 | P31: 0 | Q31: -1 | R31: -1 | S31: 2 | T31: 1 | U31: -1 | W31: =P31*$P$15 -> 0 | X31: =Q31*$P$15 -> -0.5 | Y31: =R31*$P$15 -> -0.5 | Z31: =S31*$P$15 -> 1 | AA31: =T31*$P$15 -> 0.5 | AB31: =U31*$P$15 -> -0.5
L32: 0 | M32: 0 | N32: 1 | P32: 0 | Q32: -1 | R32: -1 | S32: 1 | T32: 1 | U32: 0 | W32: =P32*$P$15 -> 0 | X32: =Q32*$P$15 -> -0.5 | Y32: =R32*$P$15 -> -0.5 | Z32: =S32*$P$15 -> 0.5 | AA32: =T32*$P$15 -> 0.5 | AB32: =U32*$P$15 -> 0
L33: 0 | M33: 1 | N33: 0 | P33: 0 | Q33: 0 | R33: 0 | S33: -1 | T33: 0 | U33: 1 | W33: =P33*$P$15 -> 0 | X33: =Q33*$P$15 -> 0 | Y33: =R33*$P$15 -> 0 | Z33: =S33*$P$15 -> -0.5 | AA33: =T33*$P$15 -> 0 | AB33: =U33*$P$15 -> 0.5
B36: 2 треугольник | F36: X | G36: Y
E37: 1 | F37: =D5 -> 0 | G37: =E5 -> 0
B38: одна точка интегрирования | E38: 3 | F38: =D7 -> 1 | G38: =E7 -> 1
E39: 4 | F39: =D8 -> 0 | G39: =E8 -> 1
B40: ось | C40: координата т. интегр. | E40: производные функции формы | J40: матрица Якоби [J] | N40: detJ | P40: detJ* коэф | R40: один раз умножаем!!!!! | U40: {J]-1
B41: ξ | C41: =1/3 -> 0.33333333 | E41: -1 | F41: 1 | G41: 0 | J41: {=MMULT(E41:G42,F37:G39)} -> 1 | K41: 1 | N41: =MDETERM(J41:K42) -> 1 | P41: =N41*0.5 -> 0.5 | Q41: S | U41: {=MINVERSE(J41:K42)} -> 1 | V41: -1
B42: η | C42: =1/3 -> 0.33333333 | E42: -1 | F42: 0 | G42: 1 | J42: 0 | K42: 1 | U42: 0 | V42: 1
E45: N1 | F45: N2 | G45: N3 | I45: NT | K45: NT*N | O45: NT*N*detJ*коэф
E46: =1-C41-C42 -> 0.33333333 | F46: =C41 -> 0.33333333 | G46: =C42 -> 0.33333333 | I46: {=TRANSPOSE(E46:G46)} -> 0.33333333 | K46: {=MMULT(I46:I48,E46:G46)} -> 0.11111111 | L46: 0.11111111 | M46: 0.11111111 | O46: =K46*$P$15 -> 0.055555556 | P46: =L46*$P$15 -> 0.055555556 | Q46: =M46*$P$15 -> 0.055555556
I47: 0.33333333 | K47: 0.11111111 | L47: 0.11111111 | M47: 0.11111111 | O47: =K47*$P$15 -> 0.055555556 | P47: =L47*$P$15 -> 0.055555556 | Q47: =M47*$P$15 -> 0.055555556
E48: =SUM(E46:G46) -> 1 | I48: 0.33333333 | K48: 0.11111111 | L48: 0.11111111 | M48: 0.11111111 | O48: =K48*$P$15 -> 0.055555556 | P48: =L48*$P$15 -> 0.055555556 | Q48: =M48*$P$15 -> 0.055555556
V49: K2
E50: {=MMULT($U$41:$V$42,E41:E42)} -> 0 | F50: {=MMULT($U$41:$V$42,F41:F42)} -> 1 | G50: {=MMULT($U$41:$V$42,G41:G42)} -> -1 | O50: {=TRANSPOSE(E50:G51)} -> 0 | P50: -1 | R50: {=MMULT(O50:P52,E50:G51)} -> 1 | S50: 0 | T50: -1 | V50: =R50*$P$41 -> 0.5 | W50: =S50*$P$41 -> 0 | X50: =T50*$P$41 -> -0.5
E51: -1 | F51: 0 | G51: 1 | O51: 1 | P51: 0 | R51: 0 | S51: 1 | T51: -1 | V51: =R51*$P$41 -> 0 | W51: =S51*$P$41 -> 0.5 | X51: =T51*$P$41 -> -0.5
O52: -1 | P52: 1 | R52: -1 | S52: -1 | T52: 2 | V52: =R52*$P$41 -> -0.5 | W52: =S52*$P$41 -> -0.5 | X52: =T52*$P$41 -> 1
E53: B | L53: BT | P53: BT*B | W53: BT*B*det[J]*коэф
E54: =E50 -> 0 | F54: 0 | G54: =F50 -> 1 | H54: 0 | I54: =G50 -> -1 | J54: 0 | L54: {=TRANSPOSE(E54:J56)} -> 0 | M54: 0 | N54: -1 | P54: {=MMULT(L54:N59,E54:J56)} -> 1 | Q54: 0 | R54: 0 | S54: -1 | T54: -1 | U54: 1 | W54: =P54*$P$41 -> 0.5 | X54: =Q54*$P$41 -> 0 | Y54: =R54*$P$41 -> 0 | Z54: =S54*$P$41 -> -0.5 | AA54: =T54*$P$41 -> -0.5 | AB54: =U54*$P$41 -> 0.5
E55: 0 | F55: {=E51} -> -1 | G55: 0 | H55: =F51 -> 0 | I55: 0 | J55: =G51 -> 1 | L55: 0 | M55: -1 | N55: 0 | P55: 0 | Q55: 1 | R55: 0 | S55: 0 | T55: 0 | U55: -1 | W55: =P55*$P$41 -> 0 | X55: =Q55*$P$41 -> 0.5 | Y55: =R55*$P$41 -> 0 | Z55: =S55*$P$41 -> 0 | AA55: =T55*$P$41 -> 0 | AB55: =U55*$P$41 -> -0.5
E56: =E51 -> -1 | F56: =E50 -> 0 | G56: =F51 -> 0 | H56: =F50 -> 1 | I56: =G51 -> 1 | J56: =G50 -> -1 | L56: 1 | M56: 0 | N56: 0 | P56: 0 | Q56: 0 | R56: 1 | S56: 0 | T56: -1 | U56: 0 | W56: =P56*$P$41 -> 0 | X56: =Q56*$P$41 -> 0 | Y56: =R56*$P$41 -> 0.5 | Z56: =S56*$P$41 -> 0 | AA56: =T56*$P$41 -> -0.5 | AB56: =U56*$P$41 -> 0
L57: 0 | M57: 0 | N57: 1 | P57: -1 | Q57: 0 | R57: 0 | S57: 1 | T57: 1 | U57: -1 | W57: =P57*$P$41 -> -0.5 | X57: =Q57*$P$41 -> 0 | Y57: =R57*$P$41 -> 0 | Z57: =S57*$P$41 -> 0.5 | AA57: =T57*$P$41 -> 0.5 | AB57: =U57*$P$41 -> -0.5
L58: -1 | M58: 0 | N58: 1 | P58: -1 | Q58: 0 | R58: -1 | S58: 1 | T58: 2 | U58: -1 | W58: =P58*$P$41 -> -0.5 | X58: =Q58*$P$41 -> 0 | Y58: =R58*$P$41 -> -0.5 | Z58: =S58*$P$41 -> 0.5 | AA58: =T58*$P$41 -> 1 | AB58: =U58*$P$41 -> -0.5
L59: 0 | M59: 1 | N59: -1 | P59: 1 | Q59: -1 | R59: 0 | S59: -1 | T59: -1 | U59: 2 | W59: =P59*$P$41 -> 0.5 | X59: =Q59*$P$41 -> -0.5 | Y59: =R59*$P$41 -> 0 | Z59: =S59*$P$41 -> -0.5 | AA59: =T59*$P$41 -> -0.5 | AB59: =U59*$P$41 -> 1
M61: M global | N61: 8*8
I62: M1 | R62: M1 scalar | W62: M scalar | AA62: M lump | AC62: M global
H63: 1 | I63: =O20 -> 0.055555556 | J63: =P20 -> 0.055555556 | K63: =Q20 -> 0.055555556 | R63: =I63 -> 0.055555556 | S63: =J63 -> 0.055555556 | T63: =K63 -> 0.055555556 | U63: 0 | W63: =R63+R69 -> 0.11111111 | X63: =S63+S69 -> 0.055555556 | Y63: =T63+T69 -> 0.11111111 | Z63: =U63+U69 -> 0.055555556 | AA63: =SUM(W63:Z63) -> 0.33333333 | AC63: =W63 -> 0.11111111 | AD63: =X63 -> 0.055555556 | AE63: =Y63 -> 0.11111111 | AF63: =Z63 -> 0.055555556 | AG63: 0 | AH63: 0 | AI63: 0 | AJ63: 0 | AL63: =AA63 -> 0.33333333 | AM63: 0 | AN63: 0 | AO63: 0 | AP63: 0 | AQ63: 0 | AR63: 0 | AS63: 0
H64: 2 | I64: =O21 -> 0.055555556 | J64: =P21 -> 0.055555556 | K64: =Q21 -> 0.055555556 | R64: =I64 -> 0.055555556 | S64: =J64 -> 0.055555556 | T64: =K64 -> 0.055555556 | U64: 0 | W64: =R64+R70 -> 0.055555556 | X64: =S64+S70 -> 0.055555556 | Y64: =T64+T70 -> 0.055555556 | Z64: =U64+U70 -> 0 | AA64: =SUM(W64:Z64) -> 0.16666667 | AC64: =W64 -> 0.055555556 | AD64: =X64 -> 0.055555556 | AE64: =Y64 -> 0.055555556 | AF64: =Z64 -> 0 | AG64: 0 | AH64: 0 | AI64: 0 | AJ64: 0 | AL64: 0 | AM64: =AA64 -> 0.16666667 | AN64: 0 | AO64: 0 | AP64: 0 | AQ64: 0 | AR64: 0 | AS64: 0
H65: 3 | I65: =O22 -> 0.055555556 | J65: =P22 -> 0.055555556 | K65: =Q22 -> 0.055555556 | R65: =I65 -> 0.055555556 | S65: =J65 -> 0.055555556 | T65: =K65 -> 0.055555556 | U65: 0 | W65: =R65+R71 -> 0.11111111 | X65: =S65+S71 -> 0.055555556 | Y65: =T65+T71 -> 0.11111111 | Z65: =U65+U71 -> 0.055555556 | AA65: =SUM(W65:Z65) -> 0.33333333 | AC65: =W65 -> 0.11111111 | AD65: =X65 -> 0.055555556 | AE65: =Y65 -> 0.11111111 | AF65: =Z65 -> 0.055555556 | AG65: 0 | AH65: 0 | AI65: 0 | AJ65: 0 | AL65: 0 | AM65: 0 | AN65: =AA65 -> 0.33333333 | AO65: 0 | AP65: 0 | AQ65: 0 | AR65: 0 | AS65: 0
R66: 0 | S66: 0 | T66: 0 | U66: 0 | W66: =R66+R72 -> 0.055555556 | X66: =S66+S72 -> 0 | Y66: =T66+T72 -> 0.055555556 | Z66: =U66+U72 -> 0.055555556 | AA66: =SUM(W66:Z66) -> 0.16666667 | AC66: =W66 -> 0.055555556 | AD66: =X66 -> 0 | AE66: =Y66 -> 0.055555556 | AF66: =Z66 -> 0.055555556 | AG66: 0 | AH66: 0 | AI66: 0 | AJ66: 0 | AL66: 0 | AM66: 0 | AN66: 0 | AO66: =AA66 -> 0.16666667 | AP66: 0 | AQ66: 0 | AR66: 0 | AS66: 0
I67: M2 | AC67: 0 | AD67: 0 | AE67: 0 | AF67: 0 | AG67: =W63 -> 0.11111111 | AH67: =X63 -> 0.055555556 | AI67: =Y63 -> 0.11111111 | AJ67: =Z63 -> 0.055555556 | AL67: 0 | AM67: 0 | AN67: 0 | AO67: 0 | AP67: =AA63 -> 0.33333333 | AQ67: 0 | AR67: 0 | AS67: 0
H68: 1 | I68: =O46 -> 0.055555556 | J68: =P46 -> 0.055555556 | K68: =Q46 -> 0.055555556 | R68: M2 scalar | AC68: 0 | AD68: 0 | AE68: 0 | AF68: 0 | AG68: =W64 -> 0.055555556 | AH68: =X64 -> 0.055555556 | AI68: =Y64 -> 0.055555556 | AJ68: =Z64 -> 0 | AL68: 0 | AM68: 0 | AN68: 0 | AO68: 0 | AP68: 0 | AQ68: =AA64 -> 0.16666667 | AR68: 0 | AS68: 0
H69: 3 | I69: =O47 -> 0.055555556 | J69: =P47 -> 0.055555556 | K69: =Q47 -> 0.055555556 | R69: =I68 -> 0.055555556 | S69: 0 | T69: =J68 -> 0.055555556 | U69: =K68 -> 0.055555556 | AC69: 0 | AD69: 0 | AE69: 0 | AF69: 0 | AG69: =W65 -> 0.11111111 | AH69: =X65 -> 0.055555556 | AI69: =Y65 -> 0.11111111 | AJ69: =Z65 -> 0.055555556 | AL69: 0 | AM69: 0 | AN69: 0 | AO69: 0 | AP69: 0 | AQ69: 0 | AR69: =AA65 -> 0.33333333 | AS69: 0
H70: 4 | I70: =O48 -> 0.055555556 | J70: =P48 -> 0.055555556 | K70: =Q48 -> 0.055555556 | R70: 0 | S70: 0 | T70: 0 | U70: 0 | AC70: 0 | AD70: 0 | AE70: 0 | AF70: 0 | AG70: =W66 -> 0.055555556 | AH70: =X66 -> 0 | AI70: =Y66 -> 0.055555556 | AJ70: =Z66 -> 0.055555556 | AL70: 0 | AM70: 0 | AN70: 0 | AO70: 0 | AP70: 0 | AQ70: 0 | AR70: 0 | AS70: =AA66 -> 0.16666667
R71: =I69 -> 0.055555556 | S71: 0 | T71: =J69 -> 0.055555556 | U71: =K69 -> 0.055555556
R72: =I70 -> 0.055555556 | S72: 0 | T72: =J70 -> 0.055555556 | U72: =K70 -> 0.055555556 | AL72: M-1
AL73: {=MINVERSE(AL63:AS70)} -> 3 | AM73: 0 | AN73: 0 | AO73: 0 | AP73: 0 | AQ73: 0 | AR73: 0 | AS73: 0
AL74: 0 | AM74: 6 | AN74: 0 | AO74: 0 | AP74: 0 | AQ74: 0 | AR74: 0 | AS74: 0
AL75: 0 | AM75: 0 | AN75: 3 | AO75: 0 | AP75: 0 | AQ75: 0 | AR75: 0 | AS75: 0
I76: K1 | W76: K full | X76: 8*8 | AL76: 0 | AM76: 0 | AN76: 0 | AO76: 6 | AP76: 0 | AQ76: 0 | AR76: 0 | AS76: 0
H77: 1 | I77: =V24*$H$294 -> 0.055394735 | J77: =W24*$H$294 -> -0.055394735 | K77: =X24*$H$294 -> 0 | M77: =I77 -> 0.055394735 | N77: =J77 -> -0.055394735 | O77: =K77 -> 0 | P77: 0 | R77: =M77+M82 -> 0.11070847 | S77: =N77+N82 -> -0.055394735 | T77: =O77+O82 -> 0 | U77: =P77+P82 -> -0.055313738 | W77: =R77 -> 0.11070847 | X77: =S77 -> -0.055394735 | Y77: =T77 -> 0 | Z77: =U77 -> -0.055313738 | AA77: 0 | AB77: 0 | AC77: 0 | AD77: 0 | AL77: 0 | AM77: 0 | AN77: 0 | AO77: 0 | AP77: 3 | AQ77: 0 | AR77: 0 | AS77: 0
H78: 2 | I78: =V25*$H$294 -> -0.055394735 | J78: =W25*$H$294 -> 0.11078947 | K78: =X25*$H$294 -> -0.055394735 | M78: =I78 -> -0.055394735 | N78: =J78 -> 0.11078947 | O78: =K78 -> -0.055394735 | P78: 0 | R78: =M78+M83 -> -0.055394735 | S78: =N78+N83 -> 0.11078947 | T78: =O78+O83 -> -0.055394735 | U78: =P78+P83 -> 0 | W78: =R78 -> -0.055394735 | X78: =S78 -> 0.11078947 | Y78: =T78 -> -0.055394735 | Z78: =U78 -> 0 | AA78: 0 | AB78: 0 | AC78: 0 | AD78: 0 | AL78: 0 | AM78: 0 | AN78: 0 | AO78: 0 | AP78: 0 | AQ78: 6 | AR78: 0 | AS78: 0
H79: 3 | I79: =V26*$H$294 -> 0 | J79: =W26*$H$294 -> -0.055394735 | K79: =X26*$H$294 -> 0.055394735 | M79: =I79 -> 0 | N79: =J79 -> -0.055394735 | O79: =K79 -> 0.055394735 | P79: 0 | R79: =M79+M84 -> 0 | S79: =N79+N84 -> -0.055394735 | T79: =O79+O84 -> 0.11070847 | U79: =P79+P84 -> -0.055313738 | W79: =R79 -> 0 | X79: =S79 -> -0.055394735 | Y79: =T79 -> 0.11070847 | Z79: =U79 -> -0.055313738 | AA79: 0 | AB79: 0 | AC79: 0 | AD79: 0 | AL79: 0 | AM79: 0 | AN79: 0 | AO79: 0 | AP79: 0 | AQ79: 0 | AR79: 3 | AS79: 0
M80: 0 | N80: 0 | O80: 0 | P80: 0 | R80: =M80+M85 -> -0.055313738 | S80: =N80+N85 -> 0 | T80: =O80+O85 -> -0.055313738 | U80: =P80+P85 -> 0.11062748 | W80: =R80 -> -0.055313738 | X80: =S80 -> 0 | Y80: =T80 -> -0.055313738 | Z80: =U80 -> 0.11062748 | AA80: 0 | AB80: 0 | AC80: 0 | AD80: 0 | AL80: 0 | AM80: 0 | AN80: 0 | AO80: 0 | AP80: 0 | AQ80: 0 | AR80: 0 | AS80: 6
I81: K2 | W81: 0 | X81: 0 | Y81: 0 | Z81: 0 | AA81: =R77 -> 0.11070847 | AB81: =S77 -> -0.055394735 | AC81: =T77 -> 0 | AD81: =U77 -> -0.055313738
H82: 1 | I82: =V50*$J$294 -> 0.055313738 | J82: =W50*$J$294 -> 0 | K82: =X50*$J$294 -> -0.055313738 | M82: =I82 -> 0.055313738 | N82: 0 | O82: =J82 -> 0 | P82: =K82 -> -0.055313738 | W82: 0 | X82: 0 | Y82: 0 | Z82: 0 | AA82: =R78 -> -0.055394735 | AB82: =S78 -> 0.11078947 | AC82: =T78 -> -0.055394735 | AD82: =U78 -> 0
H83: 3 | I83: =V51*$J$294 -> 0 | J83: =W51*$J$294 -> 0.055313738 | K83: =X51*$J$294 -> -0.055313738 | M83: 0 | N83: 0 | O83: 0 | P83: 0 | W83: 0 | X83: 0 | Y83: 0 | Z83: 0 | AA83: =R79 -> 0 | AB83: =S79 -> -0.055394735 | AC83: =T79 -> 0.11070847 | AD83: =U79 -> -0.055313738
H84: 4 | I84: =V52*$J$294 -> -0.055313738 | J84: =W52*$J$294 -> -0.055313738 | K84: =X52*$J$294 -> 0.11062748 | M84: 0 | N84: 0 | O84: =J83 -> 0.055313738 | P84: =K83 -> -0.055313738 | W84: 0 | X84: 0 | Y84: 0 | Z84: 0 | AA84: =R80 -> -0.055313738 | AB84: =S80 -> 0 | AC84: =T80 -> -0.055313738 | AD84: =U80 -> 0.11062748
M85: =I84 -> -0.055313738 | N85: 0 | O85: =J84 -> -0.055313738 | P85: =K84 -> 0.11062748
A86: пересчитывается на каждом шаге!!! | J86: постоянно пересчитываем значение в центре (можно и через функции формы)
A87: в матрице конвекции скорость задана в центре элемента (в точке интегрирования) | J87: ux | K87: uy
H88: 1 треуг | J88: =(C187+C189+C191)/3 -> 0.39016546 | K88: =(C188+C190+C192)/3 -> -0.10999656
H89: Bx | L89: C1
H90: {=P41*MMULT(I20:I22,E24:G24)} -> -0.16666667 | I90: 0.16666667 | J90: 0 | K90: 1 | L90: {=$J$88*H90+$K$88*H95} -> -0.065027577 | M90: =$J$88*I90+$K$88*I95 -> 0.083360337 | N90: =$J$88*J90+$K$88*J95 -> -0.01833276
H91: -0.16666667 | I91: 0.16666667 | J91: 0 | K91: 2 | L91: =$J$88*H91+$K$88*H96 -> -0.065027577 | M91: =$J$88*I91+$K$88*I96 -> 0.083360337 | N91: =$J$88*J91+$K$88*J96 -> -0.01833276
H92: -0.16666667 | I92: 0.16666667 | J92: 0 | K92: 3 | L92: =$J$88*H92+$K$88*H97 -> -0.065027577 | M92: =$J$88*I92+$K$88*I97 -> 0.083360337 | N92: =$J$88*J92+$K$88*J97 -> -0.01833276
H94: By | L94: =L90 -> -0.065027577 | M94: =M90 -> 0.083360337 | N94: =N90 -> -0.01833276 | O94: 0 | Q94: =L94+L106 -> -0.083139147 | R94: =M94+M106 -> 0.083360337 | S94: =N94+N106 -> 0.082583591 | T94: =O94+O106 -> -0.082804782
H95: {=P15*MMULT(I20:I22,E25:G25)} -> 0 | I95: -0.16666667 | J95: 0.16666667 | L95: =L91 -> -0.065027577 | M95: =M91 -> 0.083360337 | N95: =N91 -> -0.01833276 | O95: 0 | Q95: =L95+L107 -> -0.065027577 | R95: =M95+M107 -> 0.083360337 | S95: =N95+N107 -> -0.01833276 | T95: =O95+O107 -> 0
H96: 0 | I96: -0.16666667 | J96: 0.16666667 | L96: =L92 -> -0.065027577 | M96: =M92 -> 0.083360337 | N96: =N92 -> -0.01833276 | O96: 0 | Q96: =L96+L108 -> -0.083139147 | R96: =M96+M108 -> 0.083360337 | S96: =N96+N108 -> 0.082583591 | T96: =O96+O108 -> -0.082804782
H97: 0 | I97: -0.16666667 | J97: 0.16666667 | L97: 0 | M97: 0 | N97: 0 | O97: 0 | Q97: =L97+L109 -> -0.01811157 | R97: =M97+M109 -> 0 | S97: =N97+N109 -> 0.10091635 | T97: =O97+O109 -> -0.082804782
J99: ux | K99: uy
H100: 2 треуг | J100: =(C187+C191+C193)/3 -> 0.60549811 | K100: =(C188+C192+C194)/3 -> 0.10866942
H101: Bx | L101: C2 | Q101: С full | R101: 8*8
H102: {=P41*MMULT(I46:I48,E50:G50)} -> 0 | I102: 0.16666667 | J102: -0.16666667 | K102: 1 | L102: =$J$100*H102+$K$100*H107 -> -0.01811157 | M102: =$J$100*I102+$K$100*I107 -> 0.10091635 | N102: =$J$100*J102+$K$100*J107 -> -0.082804782 | Q102: =Q94 -> -0.083139147 | R102: =R94 -> 0.083360337 | S102: =S94 -> 0.082583591 | T102: =T94 -> -0.082804782 | U102: 0 | V102: 0 | W102: 0 | X102: 0
H103: 0 | I103: 0.16666667 | J103: -0.16666667 | K103: 3 | L103: =$J$100*H103+$K$100*H108 -> -0.01811157 | M103: =$J$100*I103+$K$100*I108 -> 0.10091635 | N103: =$J$100*J103+$K$100*J108 -> -0.082804782 | Q103: =Q95 -> -0.065027577 | R103: =R95 -> 0.083360337 | S103: =S95 -> -0.01833276 | T103: =T95 -> 0 | U103: 0 | V103: 0 | W103: 0 | X103: 0
H104: 0 | I104: 0.16666667 | J104: -0.16666667 | K104: 4 | L104: =$J$100*H104+$K$100*H109 -> -0.01811157 | M104: =$J$100*I104+$K$100*I109 -> 0.10091635 | N104: =$J$100*J104+$K$100*J109 -> -0.082804782 | Q104: =Q96 -> -0.083139147 | R104: =R96 -> 0.083360337 | S104: =S96 -> 0.082583591 | T104: =T96 -> -0.082804782 | U104: 0 | V104: 0 | W104: 0 | X104: 0
Q105: =Q97 -> -0.01811157 | R105: =R97 -> 0 | S105: =S97 -> 0.10091635 | T105: =T97 -> -0.082804782 | U105: 0 | V105: 0 | W105: 0 | X105: 0
H106: By | L106: =L102 -> -0.01811157 | M106: 0 | N106: =M102 -> 0.10091635 | O106: =N102 -> -0.082804782 | Q106: 0 | R106: 0 | S106: 0 | T106: 0 | U106: =Q94 -> -0.083139147 | V106: =R94 -> 0.083360337 | W106: =S94 -> 0.082583591 | X106: =T94 -> -0.082804782
H107: {=P41*MMULT(I46:I48,E51:G51)} -> -0.16666667 | I107: 0 | J107: 0.16666667 | L107: 0 | M107: 0 | N107: 0 | O107: 0 | Q107: 0 | R107: 0 | S107: 0 | T107: 0 | U107: =Q95 -> -0.065027577 | V107: =R95 -> 0.083360337 | W107: =S95 -> -0.01833276 | X107: =T95 -> 0
H108: -0.16666667 | I108: 0 | J108: 0.16666667 | L108: =L103 -> -0.01811157 | M108: 0 | N108: =M103 -> 0.10091635 | O108: =N103 -> -0.082804782 | Q108: 0 | R108: 0 | S108: 0 | T108: 0 | U108: =Q96 -> -0.083139147 | V108: =R96 -> 0.083360337 | W108: =S96 -> 0.082583591 | X108: =T96 -> -0.082804782
H109: -0.16666667 | I109: 0 | J109: 0.16666667 | L109: =L104 -> -0.01811157 | M109: 0 | N109: =M104 -> 0.10091635 | O109: =N104 -> -0.082804782 | Q109: 0 | R109: 0 | S109: 0 | T109: 0 | U109: =Q97 -> -0.01811157 | V109: 0 | W109: =S97 -> 0.10091635 | X109: =T97 -> -0.082804782
K113: глобальные узлы
K114: 1 | M114: 2 | O114: 3
...

Sheet 3 шаг 
R2: ρ | S2: 1
R3: Δt | S3: 0.03
D4: X | E4: Y | R4: γ | S4: 0.1 | U4: вязкость
C5: 1 | D5: 0 | E5: 0
C6: 2 | D6: 1 | E6: 0
C7: 3 | D7: 1 | E7: 1
C8: 4 | D8: 0 | E8: 1
B10: 1 треугольник | F10: X | G10: Y
E11: 1 | F11: =D5 -> 0 | G11: =E5 -> 0
B12: одна точка интегрирования | E12: 2 | F12: =D6 -> 1 | G12: =E6 -> 0
E13: 3 | F13: =D7 -> 1 | G13: =E7 -> 1
B14: ось | C14: координата т. интегр. | E14: производные функции формы | J14: матрица Якоби [J] | N14: detJ | P14: detJ* коэф | R14: один раз умножаем!!!!! | U14: {J]-1
B15: ξ | C15: =1/3 -> 0.33333333 | E15: -1 | F15: 1 | G15: 0 | J15: {=MMULT(E15:G16,F11:G13)} -> 1 | K15: 0 | N15: =MDETERM(J15:K16) -> 1 | P15: =N15*0.5 -> 0.5 | Q15: S | U15: {=MINVERSE(J15:K16)} -> 1 | V15: 0
B16: η | C16: =1/3 -> 0.33333333 | E16: -1 | F16: 0 | G16: 1 | J16: 1 | K16: 1 | U16: -1 | V16: 1
E19: N1 | F19: N2 | G19: N3 | I19: NT | K19: NT*N | O19: NT*N*detJ*коэф
E20: =1-C15-C16 -> 0.33333333 | F20: =C15 -> 0.33333333 | G20: =C16 -> 0.33333333 | I20: {=TRANSPOSE(E20:G20)} -> 0.33333333 | K20: {=MMULT(I20:I22,E20:G20)} -> 0.11111111 | L20: 0.11111111 | M20: 0.11111111 | O20: =K20*$P$15 -> 0.055555556 | P20: =L20*$P$15 -> 0.055555556 | Q20: =M20*$P$15 -> 0.055555556
I21: 0.33333333 | K21: 0.11111111 | L21: 0.11111111 | M21: 0.11111111 | O21: =K21*$P$15 -> 0.055555556 | P21: =L21*$P$15 -> 0.055555556 | Q21: =M21*$P$15 -> 0.055555556
E22: =SUM(E20:G20) -> 1 | I22: 0.33333333 | K22: 0.11111111 | L22: 0.11111111 | M22: 0.11111111 | O22: =K22*$P$15 -> 0.055555556 | P22: =L22*$P$15 -> 0.055555556 | Q22: =M22*$P$15 -> 0.055555556
V23: K1
E24: {=MMULT($U$15:$V$16,E15:E16)} -> -1 | F24: {=MMULT($U$15:$V$16,F15:F16)} -> 1 | G24: {=MMULT($U$15:$V$16,G15:G16)} -> 0 | O24: {=TRANSPOSE(E24:G25)} -> -1 | P24: 0 | R24: {=MMULT(O24:P26,E24:G25)} -> 1 | S24: -1 | T24: 0 | V24: =R24*$P$15 -> 0.5 | W24: =S24*$P$15 -> -0.5 | X24: =T24*$P$15 -> 0
E25: 0 | F25: -1 | G25: 1 | O25: 1 | P25: -1 | R25: -1 | S25: 2 | T25: -1 | V25: =R25*$P$15 -> -0.5 | W25: =S25*$P$15 -> 1 | X25: =T25*$P$15 -> -0.5
O26: 0 | P26: 1 | R26: 0 | S26: -1 | T26: 1 | V26: =R26*$P$15 -> 0 | W26: =S26*$P$15 -> -0.5 | X26: =T26*$P$15 -> 0.5
E27: B | L27: BT | P27: BT*B | W27: BT*B*det[J]*коэф
E28: =E24 -> -1 | F28: 0 | G28: =F24 -> 1 | H28: 0 | I28: =G24 -> 0 | J28: 0 | L28: {=TRANSPOSE(E28:J30)} -> -1 | M28: 0 | N28: 0 | P28: {=MMULT(L28:N33,E28:J30)} -> 1 | Q28: 0 | R28: -1 | S28: 0 | T28: 0 | U28: 0 | W28: =P28*$P$15 -> 0.5 | X28: =Q28*$P$15 -> 0 | Y28: =R28*$P$15 -> -0.5 | Z28: =S28*$P$15 -> 0 | AA28: =T28*$P$15 -> 0 | AB28: =U28*$P$15 -> 0
E29: 0 | F29: =E25 -> 0 | G29: 0 | H29: =F25 -> -1 | I29: 0 | J29: =G25 -> 1 | L29: 0 | M29: 0 | N29: -1 | P29: 0 | Q29: 1 | R29: 1 | S29: -1 | T29: -1 | U29: 0 | W29: =P29*$P$15 -> 0 | X29: =Q29*$P$15 -> 0.5 | Y29: =R29*$P$15 -> 0.5 | Z29: =S29*$P$15 -> -0.5 | AA29: =T29*$P$15 -> -0.5 | AB29: =U29*$P$15 -> 0
E30: =E25 -> 0 | F30: =E24 -> -1 | G30: =F25 -> -1 | H30: =F24 -> 1 | I30: =G25 -> 1 | J30: =G24 -> 0 | L30: 1 | M30: 0 | N30: -1 | P30: -1 | Q30: 1 | R30: 2 | S30: -1 | T30: -1 | U30: 0 | W30: =P30*$P$15 -> -0.5 | X30: =Q30*$P$15 -> 0.5 | Y30: =R30*$P$15 -> 1 | Z30: =S30*$P$15 -> -0.5 | AA30: =T30*$P$15 -> -0.5 | AB30: =U30*$P$15 -> 0
L31: 0 | M31: -1 | N31: 1 | P31: 0 | Q31: -1 | R31: -1 | S31: 2 | T31: 1 | U31: -1 | W31: =P31*$P$15 -> 0 | X31: =Q31*$P$15 -> -0.5 | Y31: =R31*$P$15 -> -0.5 | Z31: =S31*$P$15 -> 1 | AA31: =T31*$P$15 -> 0.5 | AB31: =U31*$P$15 -> -0.5
L32: 0 | M32: 0 | N32: 1 | P32: 0 | Q32: -1 | R32: -1 | S32: 1 | T32: 1 | U32: 0 | W32: =P32*$P$15 -> 0 | X32: =Q32*$P$15 -> -0.5 | Y32: =R32*$P$15 -> -0.5 | Z32: =S32*$P$15 -> 0.5 | AA32: =T32*$P$15 -> 0.5 | AB32: =U32*$P$15 -> 0
L33: 0 | M33: 1 | N33: 0 | P33: 0 | Q33: 0 | R33: 0 | S33: -1 | T33: 0 | U33: 1 | W33: =P33*$P$15 -> 0 | X33: =Q33*$P$15 -> 0 | Y33: =R33*$P$15 -> 0 | Z33: =S33*$P$15 -> -0.5 | AA33: =T33*$P$15 -> 0 | AB33: =U33*$P$15 -> 0.5
B36: 2 треугольник | F36: X | G36: Y
E37: 1 | F37: =D5 -> 0 | G37: =E5 -> 0
B38: одна точка интегрирования | E38: 3 | F38: =D7 -> 1 | G38: =E7 -> 1
E39: 4 | F39: =D8 -> 0 | G39: =E8 -> 1
B40: ось | C40: координата т. интегр. | E40: производные функции формы | J40: матрица Якоби [J] | N40: detJ | P40: detJ* коэф | R40: один раз умножаем!!!!! | U40: {J]-1
B41: ξ | C41: =1/3 -> 0.33333333 | E41: -1 | F41: 1 | G41: 0 | J41: {=MMULT(E41:G42,F37:G39)} -> 1 | K41: 1 | N41: =MDETERM(J41:K42) -> 1 | P41: =N41*0.5 -> 0.5 | Q41: S | U41: {=MINVERSE(J41:K42)} -> 1 | V41: -1
B42: η | C42: =1/3 -> 0.33333333 | E42: -1 | F42: 0 | G42: 1 | J42: 0 | K42: 1 | U42: 0 | V42: 1
E45: N1 | F45: N2 | G45: N3 | I45: NT | K45: NT*N | O45: NT*N*detJ*коэф
E46: =1-C41-C42 -> 0.33333333 | F46: =C41 -> 0.33333333 | G46: =C42 -> 0.33333333 | I46: {=TRANSPOSE(E46:G46)} -> 0.33333333 | K46: {=MMULT(I46:I48,E46:G46)} -> 0.11111111 | L46: 0.11111111 | M46: 0.11111111 | O46: =K46*$P$15 -> 0.055555556 | P46: =L46*$P$15 -> 0.055555556 | Q46: =M46*$P$15 -> 0.055555556
I47: 0.33333333 | K47: 0.11111111 | L47: 0.11111111 | M47: 0.11111111 | O47: =K47*$P$15 -> 0.055555556 | P47: =L47*$P$15 -> 0.055555556 | Q47: =M47*$P$15 -> 0.055555556
E48: =SUM(E46:G46) -> 1 | I48: 0.33333333 | K48: 0.11111111 | L48: 0.11111111 | M48: 0.11111111 | O48: =K48*$P$15 -> 0.055555556 | P48: =L48*$P$15 -> 0.055555556 | Q48: =M48*$P$15 -> 0.055555556
V49: K2
E50: {=MMULT($U$41:$V$42,E41:E42)} -> 0 | F50: {=MMULT($U$41:$V$42,F41:F42)} -> 1 | G50: {=MMULT($U$41:$V$42,G41:G42)} -> -1 | O50: {=TRANSPOSE(E50:G51)} -> 0 | P50: -1 | R50: {=MMULT(O50:P52,E50:G51)} -> 1 | S50: 0 | T50: -1 | V50: =R50*$P$41 -> 0.5 | W50: =S50*$P$41 -> 0 | X50: =T50*$P$41 -> -0.5
E51: -1 | F51: 0 | G51: 1 | O51: 1 | P51: 0 | R51: 0 | S51: 1 | T51: -1 | V51: =R51*$P$41 -> 0 | W51: =S51*$P$41 -> 0.5 | X51: =T51*$P$41 -> -0.5
O52: -1 | P52: 1 | R52: -1 | S52: -1 | T52: 2 | V52: =R52*$P$41 -> -0.5 | W52: =S52*$P$41 -> -0.5 | X52: =T52*$P$41 -> 1
E53: B | L53: BT | P53: BT*B | W53: BT*B*det[J]*коэф
E54: =E50 -> 0 | F54: 0 | G54: =F50 -> 1 | H54: 0 | I54: =G50 -> -1 | J54: 0 | L54: {=TRANSPOSE(E54:J56)} -> 0 | M54: 0 | N54: -1 | P54: {=MMULT(L54:N59,E54:J56)} -> 1 | Q54: 0 | R54: 0 | S54: -1 | T54: -1 | U54: 1 | W54: =P54*$P$41 -> 0.5 | X54: =Q54*$P$41 -> 0 | Y54: =R54*$P$41 -> 0 | Z54: =S54*$P$41 -> -0.5 | AA54: =T54*$P$41 -> -0.5 | AB54: =U54*$P$41 -> 0.5
E55: 0 | F55: {=E51} -> -1 | G55: 0 | H55: =F51 -> 0 | I55: 0 | J55: =G51 -> 1 | L55: 0 | M55: -1 | N55: 0 | P55: 0 | Q55: 1 | R55: 0 | S55: 0 | T55: 0 | U55: -1 | W55: =P55*$P$41 -> 0 | X55: =Q55*$P$41 -> 0.5 | Y55: =R55*$P$41 -> 0 | Z55: =S55*$P$41 -> 0 | AA55: =T55*$P$41 -> 0 | AB55: =U55*$P$41 -> -0.5
E56: =E51 -> -1 | F56: =E50 -> 0 | G56: =F51 -> 0 | H56: =F50 -> 1 | I56: =G51 -> 1 | J56: =G50 -> -1 | L56: 1 | M56: 0 | N56: 0 | P56: 0 | Q56: 0 | R56: 1 | S56: 0 | T56: -1 | U56: 0 | W56: =P56*$P$41 -> 0 | X56: =Q56*$P$41 -> 0 | Y56: =R56*$P$41 -> 0.5 | Z56: =S56*$P$41 -> 0 | AA56: =T56*$P$41 -> -0.5 | AB56: =U56*$P$41 -> 0
L57: 0 | M57: 0 | N57: 1 | P57: -1 | Q57: 0 | R57: 0 | S57: 1 | T57: 1 | U57: -1 | W57: =P57*$P$41 -> -0.5 | X57: =Q57*$P$41 -> 0 | Y57: =R57*$P$41 -> 0 | Z57: =S57*$P$41 -> 0.5 | AA57: =T57*$P$41 -> 0.5 | AB57: =U57*$P$41 -> -0.5
L58: -1 | M58: 0 | N58: 1 | P58: -1 | Q58: 0 | R58: -1 | S58: 1 | T58: 2 | U58: -1 | W58: =P58*$P$41 -> -0.5 | X58: =Q58*$P$41 -> 0 | Y58: =R58*$P$41 -> -0.5 | Z58: =S58*$P$41 -> 0.5 | AA58: =T58*$P$41 -> 1 | AB58: =U58*$P$41 -> -0.5
L59: 0 | M59: 1 | N59: -1 | P59: 1 | Q59: -1 | R59: 0 | S59: -1 | T59: -1 | U59: 2 | W59: =P59*$P$41 -> 0.5 | X59: =Q59*$P$41 -> -0.5 | Y59: =R59*$P$41 -> 0 | Z59: =S59*$P$41 -> -0.5 | AA59: =T59*$P$41 -> -0.5 | AB59: =U59*$P$41 -> 1
M61: M global | N61: 8*8
I62: M1 | R62: M1 scalar | W62: M scalar | AA62: M lump | AC62: M global
H63: 1 | I63: =O20 -> 0.055555556 | J63: =P20 -> 0.055555556 | K63: =Q20 -> 0.055555556 | R63: =I63 -> 0.055555556 | S63: =J63 -> 0.055555556 | T63: =K63 -> 0.055555556 | U63: 0 | W63: =R63+R69 -> 0.11111111 | X63: =S63+S69 -> 0.055555556 | Y63: =T63+T69 -> 0.11111111 | Z63: =U63+U69 -> 0.055555556 | AA63: =SUM(W63:Z63) -> 0.33333333 | AC63: =W63 -> 0.11111111 | AD63: =X63 -> 0.055555556 | AE63: =Y63 -> 0.11111111 | AF63: =Z63 -> 0.055555556 | AG63: 0 | AH63: 0 | AI63: 0 | AJ63: 0 | AL63: =AA63 -> 0.33333333 | AM63: 0 | AN63: 0 | AO63: 0 | AP63: 0 | AQ63: 0 | AR63: 0 | AS63: 0
H64: 2 | I64: =O21 -> 0.055555556 | J64: =P21 -> 0.055555556 | K64: =Q21 -> 0.055555556 | R64: =I64 -> 0.055555556 | S64: =J64 -> 0.055555556 | T64: =K64 -> 0.055555556 | U64: 0 | W64: =R64+R70 -> 0.055555556 | X64: =S64+S70 -> 0.055555556 | Y64: =T64+T70 -> 0.055555556 | Z64: =U64+U70 -> 0 | AA64: =SUM(W64:Z64) -> 0.16666667 | AC64: =W64 -> 0.055555556 | AD64: =X64 -> 0.055555556 | AE64: =Y64 -> 0.055555556 | AF64: =Z64 -> 0 | AG64: 0 | AH64: 0 | AI64: 0 | AJ64: 0 | AL64: 0 | AM64: =AA64 -> 0.16666667 | AN64: 0 | AO64: 0 | AP64: 0 | AQ64: 0 | AR64: 0 | AS64: 0
H65: 3 | I65: =O22 -> 0.055555556 | J65: =P22 -> 0.055555556 | K65: =Q22 -> 0.055555556 | R65: =I65 -> 0.055555556 | S65: =J65 -> 0.055555556 | T65: =K65 -> 0.055555556 | U65: 0 | W65: =R65+R71 -> 0.11111111 | X65: =S65+S71 -> 0.055555556 | Y65: =T65+T71 -> 0.11111111 | Z65: =U65+U71 -> 0.055555556 | AA65: =SUM(W65:Z65) -> 0.33333333 | AC65: =W65 -> 0.11111111 | AD65: =X65 -> 0.055555556 | AE65: =Y65 -> 0.11111111 | AF65: =Z65 -> 0.055555556 | AG65: 0 | AH65: 0 | AI65: 0 | AJ65: 0 | AL65: 0 | AM65: 0 | AN65: =AA65 -> 0.33333333 | AO65: 0 | AP65: 0 | AQ65: 0 | AR65: 0 | AS65: 0
R66: 0 | S66: 0 | T66: 0 | U66: 0 | W66: =R66+R72 -> 0.055555556 | X66: =S66+S72 -> 0 | Y66: =T66+T72 -> 0.055555556 | Z66: =U66+U72 -> 0.055555556 | AA66: =SUM(W66:Z66) -> 0.16666667 | AC66: =W66 -> 0.055555556 | AD66: =X66 -> 0 | AE66: =Y66 -> 0.055555556 | AF66: =Z66 -> 0.055555556 | AG66: 0 | AH66: 0 | AI66: 0 | AJ66: 0 | AL66: 0 | AM66: 0 | AN66: 0 | AO66: =AA66 -> 0.16666667 | AP66: 0 | AQ66: 0 | AR66: 0 | AS66: 0
I67: M2 | AC67: 0 | AD67: 0 | AE67: 0 | AF67: 0 | AG67: =W63 -> 0.11111111 | AH67: =X63 -> 0.055555556 | AI67: =Y63 -> 0.11111111 | AJ67: =Z63 -> 0.055555556 | AL67: 0 | AM67: 0 | AN67: 0 | AO67: 0 | AP67: =AA63 -> 0.33333333 | AQ67: 0 | AR67: 0 | AS67: 0
H68: 1 | I68: =O46 -> 0.055555556 | J68: =P46 -> 0.055555556 | K68: =Q46 -> 0.055555556 | R68: M2 scalar | AC68: 0 | AD68: 0 | AE68: 0 | AF68: 0 | AG68: =W64 -> 0.055555556 | AH68: =X64 -> 0.055555556 | AI68: =Y64 -> 0.055555556 | AJ68: =Z64 -> 0 | AL68: 0 | AM68: 0 | AN68: 0 | AO68: 0 | AP68: 0 | AQ68: =AA64 -> 0.16666667 | AR68: 0 | AS68: 0
H69: 3 | I69: =O47 -> 0.055555556 | J69: =P47 -> 0.055555556 | K69: =Q47 -> 0.055555556 | R69: =I68 -> 0.055555556 | S69: 0 | T69: =J68 -> 0.055555556 | U69: =K68 -> 0.055555556 | AC69: 0 | AD69: 0 | AE69: 0 | AF69: 0 | AG69: =W65 -> 0.11111111 | AH69: =X65 -> 0.055555556 | AI69: =Y65 -> 0.11111111 | AJ69: =Z65 -> 0.055555556 | AL69: 0 | AM69: 0 | AN69: 0 | AO69: 0 | AP69: 0 | AQ69: 0 | AR69: =AA65 -> 0.33333333 | AS69: 0
H70: 4 | I70: =O48 -> 0.055555556 | J70: =P48 -> 0.055555556 | K70: =Q48 -> 0.055555556 | R70: 0 | S70: 0 | T70: 0 | U70: 0 | AC70: 0 | AD70: 0 | AE70: 0 | AF70: 0 | AG70: =W66 -> 0.055555556 | AH70: =X66 -> 0 | AI70: =Y66 -> 0.055555556 | AJ70: =Z66 -> 0.055555556 | AL70: 0 | AM70: 0 | AN70: 0 | AO70: 0 | AP70: 0 | AQ70: 0 | AR70: 0 | AS70: =AA66 -> 0.16666667
R71: =I69 -> 0.055555556 | S71: 0 | T71: =J69 -> 0.055555556 | U71: =K69 -> 0.055555556
R72: =I70 -> 0.055555556 | S72: 0 | T72: =J70 -> 0.055555556 | U72: =K70 -> 0.055555556 | AL72: M-1
AL73: {=MINVERSE(AL63:AS70)} -> 3 | AM73: 0 | AN73: 0 | AO73: 0 | AP73: 0 | AQ73: 0 | AR73: 0 | AS73: 0
AL74: 0 | AM74: 6 | AN74: 0 | AO74: 0 | AP74: 0 | AQ74: 0 | AR74: 0 | AS74: 0
AL75: 0 | AM75: 0 | AN75: 3 | AO75: 0 | AP75: 0 | AQ75: 0 | AR75: 0 | AS75: 0
I76: K1 | W76: K full | X76: 8*8 | AF76: попробуем посчитать турбулентность | AL76: 0 | AM76: 0 | AN76: 0 | AO76: 6 | AP76: 0 | AQ76: 0 | AR76: 0 | AS76: 0
H77: 1 | I77: =V24*$H$294 -> 0.055401553 | J77: =W24*$H$294 -> -0.055401553 | K77: =X24*$H$294 -> 0 | M77: =I77 -> 0.055401553 | N77: =J77 -> -0.055401553 | O77: =K77 -> 0 | P77: 0 | R77: =M77+M82 -> 0.1106419 | S77: =N77+N82 -> -0.055401553 | T77: =O77+O82 -> 0 | U77: =P77+P82 -> -0.055240346 | W77: =R77 -> 0.1106419 | X77: =S77 -> -0.055401553 | Y77: =T77 -> 0 | Z77: =U77 -> -0.055240346 | AA77: 0 | AB77: 0 | AC77: 0 | AD77: 0 | AL77: 0 | AM77: 0 | AN77: 0 | AO77: 0 | AP77: 3 | AQ77: 0 | AR77: 0 | AS77: 0
H78: 2 | I78: =V25*$H$294 -> -0.055401553 | J78: =W25*$H$294 -> 0.11080311 | K78: =X25*$H$294 -> -0.055401553 | M78: =I78 -> -0.055401553 | N78: =J78 -> 0.11080311 | O78: =K78 -> -0.055401553 | P78: 0 | R78: =M78+M83 -> -0.055401553 | S78: =N78+N83 -> 0.11080311 | T78: =O78+O83 -> -0.055401553 | U78: =P78+P83 -> 0 | W78: =R78 -> -0.055401553 | X78: =S78 -> 0.11080311 | Y78: =T78 -> -0.055401553 | Z78: =U78 -> 0 | AA78: 0 | AB78: 0 | AC78: 0 | AD78: 0 | AL78: 0 | AM78: 0 | AN78: 0 | AO78: 0 | AP78: 0 | AQ78: 6 | AR78: 0 | AS78: 0
H79: 3 | I79: =V26*$H$294 -> 0 | J79: =W26*$H$294 -> -0.055401553 | K79: =X26*$H$294 -> 0.055401553 | M79: =I79 -> 0 | N79: =J79 -> -0.055401553 | O79: =K79 -> 0.055401553 | P79: 0 | R79: =M79+M84 -> 0 | S79: =N79+N84 -> -0.055401553 | T79: =O79+O84 -> 0.1106419 | U79: =P79+P84 -> -0.055240346 | W79: =R79 -> 0 | X79: =S79 -> -0.055401553 | Y79: =T79 -> 0.1106419 | Z79: =U79 -> -0.055240346 | AA79: 0 | AB79: 0 | AC79: 0 | AD79: 0 | AL79: 0 | AM79: 0 | AN79: 0 | AO79: 0 | AP79: 0 | AQ79: 0 | AR79: 3 | AS79: 0
M80: 0 | N80: 0 | O80: 0 | P80: 0 | R80: =M80+M85 -> -0.055240346 | S80: =N80+N85 -> 0 | T80: =O80+O85 -> -0.055240346 | U80: =P80+P85 -> 0.11048069 | W80: =R80 -> -0.055240346 | X80: =S80 -> 0 | Y80: =T80 -> -0.055240346 | Z80: =U80 -> 0.11048069 | AA80: 0 | AB80: 0 | AC80: 0 | AD80: 0 | AL80: 0 | AM80: 0 | AN80: 0 | AO80: 0 | AP80: 0 | AQ80: 0 | AR80: 0 | AS80: 6
I81: K2 | W81: 0 | X81: 0 | Y81: 0 | Z81: 0 | AA81: =R77 -> 0.1106419 | AB81: =S77 -> -0.055401553 | AC81: =T77 -> 0 | AD81: =U77 -> -0.055240346
H82: 1 | I82: =V50*$J$294 -> 0.055240346 | J82: =W50*$J$294 -> 0 | K82: =X50*$J$294 -> -0.055240346 | M82: =I82 -> 0.055240346 | N82: 0 | O82: =J82 -> 0 | P82: =K82 -> -0.055240346 | W82: 0 | X82: 0 | Y82: 0 | Z82: 0 | AA82: =R78 -> -0.055401553 | AB82: =S78 -> 0.11080311 | AC82: =T78 -> -0.055401553 | AD82: =U78 -> 0
H83: 3 | I83: =V51*$J$294 -> 0 | J83: =W51*$J$294 -> 0.055240346 | K83: =X51*$J$294 -> -0.055240346 | M83: 0 | N83: 0 | O83: 0 | P83: 0 | W83: 0 | X83: 0 | Y83: 0 | Z83: 0 | AA83: =R79 -> 0 | AB83: =S79 -> -0.055401553 | AC83: =T79 -> 0.1106419 | AD83: =U79 -> -0.055240346
H84: 4 | I84: =V52*$J$294 -> -0.055240346 | J84: =W52*$J$294 -> -0.055240346 | K84: =X52*$J$294 -> 0.11048069 | M84: 0 | N84: 0 | O84: =J83 -> 0.055240346 | P84: =K83 -> -0.055240346 | W84: 0 | X84: 0 | Y84: 0 | Z84: 0 | AA84: =R80 -> -0.055240346 | AB84: =S80 -> 0 | AC84: =T80 -> -0.055240346 | AD84: =U80 -> 0.11048069
M85: =I84 -> -0.055240346 | N85: 0 | O85: =J84 -> -0.055240346 | P85: =K84 -> 0.11048069 | W85: K full | X85: 8*8 | Y85: умножаем на вязкость
A86: пересчитывается на каждом шаге!!! | J86: постоянно пересчитываем значение в центре (можно и через функции формы) | W86: =W77*$S$4 -> 0.01106419 | X86: =X77*$S$4 -> -0.0055401553 | Y86: =Y77*$S$4 -> 0 | Z86: =Z77*$S$4 -> -0.0055240346 | AA86: =AA77*$S$4 -> 0 | AB86: =AB77*$S$4 -> 0 | AC86: =AC77*$S$4 -> 0 | AD86: =AD77*$S$4 -> 0
A87: в матрице конвекции скорость задана в центре элемента (в точке интегрирования) | J87: ux | K87: uy | W87: =W78*$S$4 -> -0.0055401553 | X87: =X78*$S$4 -> 0.011080311 | Y87: =Y78*$S$4 -> -0.0055401553 | Z87: =Z78*$S$4 -> 0 | AA87: =AA78*$S$4 -> 0 | AB87: =AB78*$S$4 -> 0 | AC87: =AC78*$S$4 -> 0 | AD87: =AD78*$S$4 -> 0
H88: 1 треуг | J88: =(C187+C189+C191)/3 -> 0.39276981 | K88: =(C188+C190+C192)/3 -> -0.10842072 | W88: =W79*$S$4 -> 0 | X88: =X79*$S$4 -> -0.0055401553 | Y88: =Y79*$S$4 -> 0.01106419 | Z88: =Z79*$S$4 -> -0.0055240346 | AA88: =AA79*$S$4 -> 0 | AB88: =AB79*$S$4 -> 0 | AC88: =AC79*$S$4 -> 0 | AD88: =AD79*$S$4 -> 0
H89: Bx | L89: C1 | W89: =W80*$S$4 -> -0.0055240346 | X89: =X80*$S$4 -> 0 | Y89: =Y80*$S$4 -> -0.0055240346 | Z89: =Z80*$S$4 -> 0.011048069 | AA89: =AA80*$S$4 -> 0 | AB89: =AB80*$S$4 -> 0 | AC89: =AC80*$S$4 -> 0 | AD89: =AD80*$S$4 -> 0
H90: {=P41*MMULT(I20:I22,E24:G24)} -> -0.16666667 | I90: 0.16666667 | J90: 0 | K90: 1 | L90: {=$J$88*H90+$K$88*H95} -> -0.065461635 | M90: =$J$88*I90+$K$88*I95 -> 0.083531755 | N90: =$J$88*J90+$K$88*J95 -> -0.01807012 | W90: =W81*$S$4 -> 0 | X90: =X81*$S$4 -> 0 | Y90: =Y81*$S$4 -> 0 | Z90: =Z81*$S$4 -> 0 | AA90: =AA81*$S$4 -> 0.01106419 | AB90: =AB81*$S$4 -> -0.0055401553 | AC90: =AC81*$S$4 -> 0 | AD90: =AD81*$S$4 -> -0.0055240346
H91: -0.16666667 | I91: 0.16666667 | J91: 0 | K91: 2 | L91: =$J$88*H91+$K$88*H96 -> -0.065461635 | M91: =$J$88*I91+$K$88*I96 -> 0.083531755 | N91: =$J$88*J91+$K$88*J96 -> -0.01807012 | W91: =W82*$S$4 -> 0 | X91: =X82*$S$4 -> 0 | Y91: =Y82*$S$4 -> 0 | Z91: =Z82*$S$4 -> 0 | AA91: =AA82*$S$4 -> -0.0055401553 | AB91: =AB82*$S$4 -> 0.011080311 | AC91: =AC82*$S$4 -> -0.0055401553 | AD91: =AD82*$S$4 -> 0
H92: -0.16666667 | I92: 0.16666667 | J92: 0 | K92: 3 | L92: =$J$88*H92+$K$88*H97 -> -0.065461635 | M92: =$J$88*I92+$K$88*I97 -> 0.083531755 | N92: =$J$88*J92+$K$88*J97 -> -0.01807012 | W92: =W83*$S$4 -> 0 | X92: =X83*$S$4 -> 0 | Y92: =Y83*$S$4 -> 0 | Z92: =Z83*$S$4 -> 0 | AA92: =AA83*$S$4 -> 0 | AB92: =AB83*$S$4 -> -0.0055401553 | AC92: =AC83*$S$4 -> 0.01106419 | AD92: =AD83*$S$4 -> -0.0055240346
W93: =W84*$S$4 -> 0 | X93: =X84*$S$4 -> 0 | Y93: =Y84*$S$4 -> 0 | Z93: =Z84*$S$4 -> 0 | AA93: =AA84*$S$4 -> -0.0055240346 | AB93: =AB84*$S$4 -> 0 | AC93: =AC84*$S$4 -> -0.0055240346 | AD93: =AD84*$S$4 -> 0.011048069
H94: By | L94: =L90 -> -0.065461635 | M94: =M90 -> 0.083531755 | N94: =N90 -> -0.01807012 | O94: 0 | Q94: =L94+L106 -> -0.083925123 | R94: =M94+M106 -> 0.083531755 | S94: =N94+N106 -> 0.082530045 | T94: =O94+O106 -> -0.082136677
H95: {=P15*MMULT(I20:I22,E25:G25)} -> 0 | I95: -0.16666667 | J95: 0.16666667 | L95: =L91 -> -0.065461635 | M95: =M91 -> 0.083531755 | N95: =N91 -> -0.01807012 | O95: 0 | Q95: =L95+L107 -> -0.065461635 | R95: =M95+M107 -> 0.083531755 | S95: =N95+N107 -> -0.01807012 | T95: =O95+O107 -> 0
H96: 0 | I96: -0.16666667 | J96: 0.16666667 | L96: =L92 -> -0.065461635 | M96: =M92 -> 0.083531755 | N96: =N92 -> -0.01807012 | O96: 0 | Q96: =L96+L108 -> -0.083925123 | R96: =M96+M108 -> 0.083531755 | S96: =N96+N108 -> 0.082530045 | T96: =O96+O108 -> -0.082136677
H97: 0 | I97: -0.16666667 | J97: 0.16666667 | L97: 0 | M97: 0 | N97: 0 | O97: 0 | Q97: =L97+L109 -> -0.018463488 | R97: =M97+M109 -> 0 | S97: =N97+N109 -> 0.10060016 | T97: =O97+O109 -> -0.082136677
J99: ux | K99: uy
H100: 2 треуг | J100: =(C187+C191+C193)/3 -> 0.60360099 | K100: =(C188+C192+C194)/3 -> 0.11078093
H101: Bx | L101: C2 | Q101: С full | R101: 8*8
H102: {=P41*MMULT(I46:I48,E50:G50)} -> 0 | I102: 0.16666667 | J102: -0.16666667 | K102: 1 | L102: =$J$100*H102+$K$100*H107 -> -0.018463488 | M102: =$J$100*I102+$K$100*I107 -> 0.10060016 | N102: =$J$100*J102+$K$100*J107 -> -0.082136677 | Q102: =Q94 -> -0.083925123 | R102: =R94 -> 0.083531755 | S102: =S94 -> 0.082530045 | T102: =T94 -> -0.082136677 | U102: 0 | V102: 0 | W102: 0 | X102: 0
H103: 0 | I103: 0.16666667 | J103: -0.16666667 | K103: 3 | L103: =$J$100*H103+$K$100*H108 -> -0.018463488 | M103: =$J$100*I103+$K$100*I108 -> 0.10060016 | N103: =$J$100*J103+$K$100*J108 -> -0.082136677 | Q103: =Q95 -> -0.065461635 | R103: =R95 -> 0.083531755 | S103: =S95 -> -0.01807012 | T103: =T95 -> 0 | U103: 0 | V103: 0 | W103: 0 | X103: 0
H104: 0 | I104: 0.16666667 | J104: -0.16666667 | K104: 4 | L104: =$J$100*H104+$K$100*H109 -> -0.018463488 | M104: =$J$100*I104+$K$100*I109 -> 0.10060016 | N104: =$J$100*J104+$K$100*J109 -> -0.082136677 | Q104: =Q96 -> -0.083925123 | R104: =R96 -> 0.083531755 | S104: =S96 -> 0.082530045 | T104: =T96 -> -0.082136677 | U104: 0 | V104: 0 | W104: 0 | X104: 0
Q105: =Q97 -> -0.018463488 | R105: =R97 -> 0 | S105: =S97 -> 0.10060016 | T105: =T97 -> -0.082136677 | U105: 0 | V105: 0 | W105: 0 | X105: 0
H106: By | L106: =L102 -> -0.018463488 | M106: 0 | N106: =M102 -> 0.10060016 | O106: =N102 -> -0.082136677 | Q106: 0 | R106: 0 | S106: 0 | T106: 0 | U106: =Q94 -> -0.083925123 | V106: =R94 -> 0.083531755 | W106: =S94 -> 0.082530045 | X106: =T94 -> -0.082136677
H107: {=P41*MMULT(I46:I48,E51:G51)} -> -0.16666667 | I107: 0 | J107: 0.16666667 | L107: 0 | M107: 0 | N107: 0 | O107: 0 | Q107: 0 | R107: 0 | S107: 0 | T107: 0 | U107: =Q95 -> -0.065461635 | V107: =R95 -> 0.083531755 | W107: =S95 -> -0.01807012 | X107: =T95 -> 0
H108: -0.16666667 | I108: 0 | J108: 0.16666667 | L108: =L103 -> -0.018463488 | M108: 0 | N108: =M103 -> 0.10060016 | O108: =N103 -> -0.082136677 | Q108: 0 | R108: 0 | S108: 0 | T108: 0 | U108: =Q96 -> -0.083925123 | V108: =R96 -> 0.083531755 | W108: =S96 -> 0.082530045 | X108: =T96 -> -0.082136677
H109: -0.16666667 | I109: 0 | J109: 0.16666667 | L109: =L104 -> -0.018463488 | M109: 0 | N109: =M104 -> 0.10060016 | O109: =N104 -> -0.082136677 | Q109: 0 | R109: 0 | S109: 0 | T109: 0 | U109: =Q97 -> -0.018463488 | V109: 0 | W109: =S97 -> 0.10060016 | X109: =T97 -> -0.082136677
K113: глобальные узлы
...

Sheet 4 шаг 
R2: ρ | S2: 1
R3: Δt | S3: 0.03
D4: X | E4: Y | R4: γ | S4: 0.1 | U4: вязкость
C5: 1 | D5: 0 | E5: 0
C6: 2 | D6: 1 | E6: 0
C7: 3 | D7: 1 | E7: 1
C8: 4 | D8: 0 | E8: 1
B10: 1 треугольник | F10: X | G10: Y
E11: 1 | F11: =D5 -> 0 | G11: =E5 -> 0
B12: одна точка интегрирования | E12: 2 | F12: =D6 -> 1 | G12: =E6 -> 0
E13: 3 | F13: =D7 -> 1 | G13: =E7 -> 1
B14: ось | C14: координата т. интегр. | E14: производные функции формы | J14: матрица Якоби [J] | N14: detJ | P14: detJ* коэф | R14: один раз умножаем!!!!! | U14: {J]-1
B15: ξ | C15: =1/3 -> 0.33333333 | E15: -1 | F15: 1 | G15: 0 | J15: {=MMULT(E15:G16,F11:G13)} -> 1 | K15: 0 | N15: =MDETERM(J15:K16) -> 1 | P15: =N15*0.5 -> 0.5 | Q15: S | U15: {=MINVERSE(J15:K16)} -> 1 | V15: 0
B16: η | C16: =1/3 -> 0.33333333 | E16: -1 | F16: 0 | G16: 1 | J16: 1 | K16: 1 | U16: -1 | V16: 1
E19: N1 | F19: N2 | G19: N3 | I19: NT | K19: NT*N | O19: NT*N*detJ*коэф
E20: =1-C15-C16 -> 0.33333333 | F20: =C15 -> 0.33333333 | G20: =C16 -> 0.33333333 | I20: {=TRANSPOSE(E20:G20)} -> 0.33333333 | K20: {=MMULT(I20:I22,E20:G20)} -> 0.11111111 | L20: 0.11111111 | M20: 0.11111111 | O20: =K20*$P$15 -> 0.055555556 | P20: =L20*$P$15 -> 0.055555556 | Q20: =M20*$P$15 -> 0.055555556
I21: 0.33333333 | K21: 0.11111111 | L21: 0.11111111 | M21: 0.11111111 | O21: =K21*$P$15 -> 0.055555556 | P21: =L21*$P$15 -> 0.055555556 | Q21: =M21*$P$15 -> 0.055555556
E22: =SUM(E20:G20) -> 1 | I22: 0.33333333 | K22: 0.11111111 | L22: 0.11111111 | M22: 0.11111111 | O22: =K22*$P$15 -> 0.055555556 | P22: =L22*$P$15 -> 0.055555556 | Q22: =M22*$P$15 -> 0.055555556
V23: K1
E24: {=MMULT($U$15:$V$16,E15:E16)} -> -1 | F24: {=MMULT($U$15:$V$16,F15:F16)} -> 1 | G24: {=MMULT($U$15:$V$16,G15:G16)} -> 0 | O24: {=TRANSPOSE(E24:G25)} -> -1 | P24: 0 | R24: {=MMULT(O24:P26,E24:G25)} -> 1 | S24: -1 | T24: 0 | V24: =R24*$P$15 -> 0.5 | W24: =S24*$P$15 -> -0.5 | X24: =T24*$P$15 -> 0
E25: 0 | F25: -1 | G25: 1 | O25: 1 | P25: -1 | R25: -1 | S25: 2 | T25: -1 | V25: =R25*$P$15 -> -0.5 | W25: =S25*$P$15 -> 1 | X25: =T25*$P$15 -> -0.5
O26: 0 | P26: 1 | R26: 0 | S26: -1 | T26: 1 | V26: =R26*$P$15 -> 0 | W26: =S26*$P$15 -> -0.5 | X26: =T26*$P$15 -> 0.5
E27: B | L27: BT | P27: BT*B | W27: BT*B*det[J]*коэф
E28: =E24 -> -1 | F28: 0 | G28: =F24 -> 1 | H28: 0 | I28: =G24 -> 0 | J28: 0 | L28: {=TRANSPOSE(E28:J30)} -> -1 | M28: 0 | N28: 0 | P28: {=MMULT(L28:N33,E28:J30)} -> 1 | Q28: 0 | R28: -1 | S28: 0 | T28: 0 | U28: 0 | W28: =P28*$P$15 -> 0.5 | X28: =Q28*$P$15 -> 0 | Y28: =R28*$P$15 -> -0.5 | Z28: =S28*$P$15 -> 0 | AA28: =T28*$P$15 -> 0 | AB28: =U28*$P$15 -> 0
E29: 0 | F29: =E25 -> 0 | G29: 0 | H29: =F25 -> -1 | I29: 0 | J29: =G25 -> 1 | L29: 0 | M29: 0 | N29: -1 | P29: 0 | Q29: 1 | R29: 1 | S29: -1 | T29: -1 | U29: 0 | W29: =P29*$P$15 -> 0 | X29: =Q29*$P$15 -> 0.5 | Y29: =R29*$P$15 -> 0.5 | Z29: =S29*$P$15 -> -0.5 | AA29: =T29*$P$15 -> -0.5 | AB29: =U29*$P$15 -> 0
E30: =E25 -> 0 | F30: =E24 -> -1 | G30: =F25 -> -1 | H30: =F24 -> 1 | I30: =G25 -> 1 | J30: =G24 -> 0 | L30: 1 | M30: 0 | N30: -1 | P30: -1 | Q30: 1 | R30: 2 | S30: -1 | T30: -1 | U30: 0 | W30: =P30*$P$15 -> -0.5 | X30: =Q30*$P$15 -> 0.5 | Y30: =R30*$P$15 -> 1 | Z30: =S30*$P$15 -> -0.5 | AA30: =T30*$P$15 -> -0.5 | AB30: =U30*$P$15 -> 0
L31: 0 | M31: -1 | N31: 1 | P31: 0 | Q31: -1 | R31: -1 | S31: 2 | T31: 1 | U31: -1 | W31: =P31*$P$15 -> 0 | X31: =Q31*$P$15 -> -0.5 | Y31: =R31*$P$15 -> -0.5 | Z31: =S31*$P$15 -> 1 | AA31: =T31*$P$15 -> 0.5 | AB31: =U31*$P$15 -> -0.5
L32: 0 | M32: 0 | N32: 1 | P32: 0 | Q32: -1 | R32: -1 | S32: 1 | T32: 1 | U32: 0 | W32: =P32*$P$15 -> 0 | X32: =Q32*$P$15 -> -0.5 | Y32: =R32*$P$15 -> -0.5 | Z32: =S32*$P$15 -> 0.5 | AA32: =T32*$P$15 -> 0.5 | AB32: =U32*$P$15 -> 0
L33: 0 | M33: 1 | N33: 0 | P33: 0 | Q33: 0 | R33: 0 | S33: -1 | T33: 0 | U33: 1 | W33: =P33*$P$15 -> 0 | X33: =Q33*$P$15 -> 0 | Y33: =R33*$P$15 -> 0 | Z33: =S33*$P$15 -> -0.5 | AA33: =T33*$P$15 -> 0 | AB33: =U33*$P$15 -> 0.5
B36: 2 треугольник | F36: X | G36: Y
E37: 1 | F37: =D5 -> 0 | G37: =E5 -> 0
B38: одна точка интегрирования | E38: 3 | F38: =D7 -> 1 | G38: =E7 -> 1
E39: 4 | F39: =D8 -> 0 | G39: =E8 -> 1
B40: ось | C40: координата т. интегр. | E40: производные функции формы | J40: матрица Якоби [J] | N40: detJ | P40: detJ* коэф | R40: один раз умножаем!!!!! | U40: {J]-1
B41: ξ | C41: =1/3 -> 0.33333333 | E41: -1 | F41: 1 | G41: 0 | J41: {=MMULT(E41:G42,F37:G39)} -> 1 | K41: 1 | N41: =MDETERM(J41:K42) -> 1 | P41: =N41*0.5 -> 0.5 | Q41: S | U41: {=MINVERSE(J41:K42)} -> 1 | V41: -1
B42: η | C42: =1/3 -> 0.33333333 | E42: -1 | F42: 0 | G42: 1 | J42: 0 | K42: 1 | U42: 0 | V42: 1
E45: N1 | F45: N2 | G45: N3 | I45: NT | K45: NT*N | O45: NT*N*detJ*коэф
E46: =1-C41-C42 -> 0.33333333 | F46: =C41 -> 0.33333333 | G46: =C42 -> 0.33333333 | I46: {=TRANSPOSE(E46:G46)} -> 0.33333333 | K46: {=MMULT(I46:I48,E46:G46)} -> 0.11111111 | L46: 0.11111111 | M46: 0.11111111 | O46: =K46*$P$15 -> 0.055555556 | P46: =L46*$P$15 -> 0.055555556 | Q46: =M46*$P$15 -> 0.055555556
I47: 0.33333333 | K47: 0.11111111 | L47: 0.11111111 | M47: 0.11111111 | O47: =K47*$P$15 -> 0.055555556 | P47: =L47*$P$15 -> 0.055555556 | Q47: =M47*$P$15 -> 0.055555556
E48: =SUM(E46:G46) -> 1 | I48: 0.33333333 | K48: 0.11111111 | L48: 0.11111111 | M48: 0.11111111 | O48: =K48*$P$15 -> 0.055555556 | P48: =L48*$P$15 -> 0.055555556 | Q48: =M48*$P$15 -> 0.055555556
V49: K2
E50: {=MMULT($U$41:$V$42,E41:E42)} -> 0 | F50: {=MMULT($U$41:$V$42,F41:F42)} -> 1 | G50: {=MMULT($U$41:$V$42,G41:G42)} -> -1 | O50: {=TRANSPOSE(E50:G51)} -> 0 | P50: -1 | R50: {=MMULT(O50:P52,E50:G51)} -> 1 | S50: 0 | T50: -1 | V50: =R50*$P$41 -> 0.5 | W50: =S50*$P$41 -> 0 | X50: =T50*$P$41 -> -0.5
E51: -1 | F51: 0 | G51: 1 | O51: 1 | P51: 0 | R51: 0 | S51: 1 | T51: -1 | V51: =R51*$P$41 -> 0 | W51: =S51*$P$41 -> 0.5 | X51: =T51*$P$41 -> -0.5
O52: -1 | P52: 1 | R52: -1 | S52: -1 | T52: 2 | V52: =R52*$P$41 -> -0.5 | W52: =S52*$P$41 -> -0.5 | X52: =T52*$P$41 -> 1
E53: B | L53: BT | P53: BT*B | W53: BT*B*det[J]*коэф
E54: =E50 -> 0 | F54: 0 | G54: =F50 -> 1 | H54: 0 | I54: =G50 -> -1 | J54: 0 | L54: {=TRANSPOSE(E54:J56)} -> 0 | M54: 0 | N54: -1 | P54: {=MMULT(L54:N59,E54:J56)} -> 1 | Q54: 0 | R54: 0 | S54: -1 | T54: -1 | U54: 1 | W54: =P54*$P$41 -> 0.5 | X54: =Q54*$P$41 -> 0 | Y54: =R54*$P$41 -> 0 | Z54: =S54*$P$41 -> -0.5 | AA54: =T54*$P$41 -> -0.5 | AB54: =U54*$P$41 -> 0.5
E55: 0 | F55: {=E51} -> -1 | G55: 0 | H55: =F51 -> 0 | I55: 0 | J55: =G51 -> 1 | L55: 0 | M55: -1 | N55: 0 | P55: 0 | Q55: 1 | R55: 0 | S55: 0 | T55: 0 | U55: -1 | W55: =P55*$P$41 -> 0 | X55: =Q55*$P$41 -> 0.5 | Y55: =R55*$P$41 -> 0 | Z55: =S55*$P$41 -> 0 | AA55: =T55*$P$41 -> 0 | AB55: =U55*$P$41 -> -0.5
E56: =E51 -> -1 | F56: =E50 -> 0 | G56: =F51 -> 0 | H56: =F50 -> 1 | I56: =G51 -> 1 | J56: =G50 -> -1 | L56: 1 | M56: 0 | N56: 0 | P56: 0 | Q56: 0 | R56: 1 | S56: 0 | T56: -1 | U56: 0 | W56: =P56*$P$41 -> 0 | X56: =Q56*$P$41 -> 0 | Y56: =R56*$P$41 -> 0.5 | Z56: =S56*$P$41 -> 0 | AA56: =T56*$P$41 -> -0.5 | AB56: =U56*$P$41 -> 0
L57: 0 | M57: 0 | N57: 1 | P57: -1 | Q57: 0 | R57: 0 | S57: 1 | T57: 1 | U57: -1 | W57: =P57*$P$41 -> -0.5 | X57: =Q57*$P$41 -> 0 | Y57: =R57*$P$41 -> 0 | Z57: =S57*$P$41 -> 0.5 | AA57: =T57*$P$41 -> 0.5 | AB57: =U57*$P$41 -> -0.5
L58: -1 | M58: 0 | N58: 1 | P58: -1 | Q58: 0 | R58: -1 | S58: 1 | T58: 2 | U58: -1 | W58: =P58*$P$41 -> -0.5 | X58: =Q58*$P$41 -> 0 | Y58: =R58*$P$41 -> -0.5 | Z58: =S58*$P$41 -> 0.5 | AA58: =T58*$P$41 -> 1 | AB58: =U58*$P$41 -> -0.5
L59: 0 | M59: 1 | N59: -1 | P59: 1 | Q59: -1 | R59: 0 | S59: -1 | T59: -1 | U59: 2 | W59: =P59*$P$41 -> 0.5 | X59: =Q59*$P$41 -> -0.5 | Y59: =R59*$P$41 -> 0 | Z59: =S59*$P$41 -> -0.5 | AA59: =T59*$P$41 -> -0.5 | AB59: =U59*$P$41 -> 1
M61: M global | N61: 8*8
I62: M1 | R62: M1 scalar | W62: M scalar | AA62: M lump | AC62: M global
H63: 1 | I63: =O20 -> 0.055555556 | J63: =P20 -> 0.055555556 | K63: =Q20 -> 0.055555556 | R63: =I63 -> 0.055555556 | S63: =J63 -> 0.055555556 | T63: =K63 -> 0.055555556 | U63: 0 | W63: =R63+R69 -> 0.11111111 | X63: =S63+S69 -> 0.055555556 | Y63: =T63+T69 -> 0.11111111 | Z63: =U63+U69 -> 0.055555556 | AA63: =SUM(W63:Z63) -> 0.33333333 | AC63: =W63 -> 0.11111111 | AD63: =X63 -> 0.055555556 | AE63: =Y63 -> 0.11111111 | AF63: =Z63 -> 0.055555556 | AG63: 0 | AH63: 0 | AI63: 0 | AJ63: 0 | AL63: =AA63 -> 0.33333333 | AM63: 0 | AN63: 0 | AO63: 0 | AP63: 0 | AQ63: 0 | AR63: 0 | AS63: 0
H64: 2 | I64: =O21 -> 0.055555556 | J64: =P21 -> 0.055555556 | K64: =Q21 -> 0.055555556 | R64: =I64 -> 0.055555556 | S64: =J64 -> 0.055555556 | T64: =K64 -> 0.055555556 | U64: 0 | W64: =R64+R70 -> 0.055555556 | X64: =S64+S70 -> 0.055555556 | Y64: =T64+T70 -> 0.055555556 | Z64: =U64+U70 -> 0 | AA64: =SUM(W64:Z64) -> 0.16666667 | AC64: =W64 -> 0.055555556 | AD64: =X64 -> 0.055555556 | AE64: =Y64 -> 0.055555556 | AF64: =Z64 -> 0 | AG64: 0 | AH64: 0 | AI64: 0 | AJ64: 0 | AL64: 0 | AM64: =AA64 -> 0.16666667 | AN64: 0 | AO64: 0 | AP64: 0 | AQ64: 0 | AR64: 0 | AS64: 0
H65: 3 | I65: =O22 -> 0.055555556 | J65: =P22 -> 0.055555556 | K65: =Q22 -> 0.055555556 | R65: =I65 -> 0.055555556 | S65: =J65 -> 0.055555556 | T65: =K65 -> 0.055555556 | U65: 0 | W65: =R65+R71 -> 0.11111111 | X65: =S65+S71 -> 0.055555556 | Y65: =T65+T71 -> 0.11111111 | Z65: =U65+U71 -> 0.055555556 | AA65: =SUM(W65:Z65) -> 0.33333333 | AC65: =W65 -> 0.11111111 | AD65: =X65 -> 0.055555556 | AE65: =Y65 -> 0.11111111 | AF65: =Z65 -> 0.055555556 | AG65: 0 | AH65: 0 | AI65: 0 | AJ65: 0 | AL65: 0 | AM65: 0 | AN65: =AA65 -> 0.33333333 | AO65: 0 | AP65: 0 | AQ65: 0 | AR65: 0 | AS65: 0
R66: 0 | S66: 0 | T66: 0 | U66: 0 | W66: =R66+R72 -> 0.055555556 | X66: =S66+S72 -> 0 | Y66: =T66+T72 -> 0.055555556 | Z66: =U66+U72 -> 0.055555556 | AA66: =SUM(W66:Z66) -> 0.16666667 | AC66: =W66 -> 0.055555556 | AD66: =X66 -> 0 | AE66: =Y66 -> 0.055555556 | AF66: =Z66 -> 0.055555556 | AG66: 0 | AH66: 0 | AI66: 0 | AJ66: 0 | AL66: 0 | AM66: 0 | AN66: 0 | AO66: =AA66 -> 0.16666667 | AP66: 0 | AQ66: 0 | AR66: 0 | AS66: 0
I67: M2 | AC67: 0 | AD67: 0 | AE67: 0 | AF67: 0 | AG67: =W63 -> 0.11111111 | AH67: =X63 -> 0.055555556 | AI67: =Y63 -> 0.11111111 | AJ67: =Z63 -> 0.055555556 | AL67: 0 | AM67: 0 | AN67: 0 | AO67: 0 | AP67: =AA63 -> 0.33333333 | AQ67: 0 | AR67: 0 | AS67: 0
H68: 1 | I68: =O46 -> 0.055555556 | J68: =P46 -> 0.055555556 | K68: =Q46 -> 0.055555556 | R68: M2 scalar | AC68: 0 | AD68: 0 | AE68: 0 | AF68: 0 | AG68: =W64 -> 0.055555556 | AH68: =X64 -> 0.055555556 | AI68: =Y64 -> 0.055555556 | AJ68: =Z64 -> 0 | AL68: 0 | AM68: 0 | AN68: 0 | AO68: 0 | AP68: 0 | AQ68: =AA64 -> 0.16666667 | AR68: 0 | AS68: 0
H69: 3 | I69: =O47 -> 0.055555556 | J69: =P47 -> 0.055555556 | K69: =Q47 -> 0.055555556 | R69: =I68 -> 0.055555556 | S69: 0 | T69: =J68 -> 0.055555556 | U69: =K68 -> 0.055555556 | AC69: 0 | AD69: 0 | AE69: 0 | AF69: 0 | AG69: =W65 -> 0.11111111 | AH69: =X65 -> 0.055555556 | AI69: =Y65 -> 0.11111111 | AJ69: =Z65 -> 0.055555556 | AL69: 0 | AM69: 0 | AN69: 0 | AO69: 0 | AP69: 0 | AQ69: 0 | AR69: =AA65 -> 0.33333333 | AS69: 0
H70: 4 | I70: =O48 -> 0.055555556 | J70: =P48 -> 0.055555556 | K70: =Q48 -> 0.055555556 | R70: 0 | S70: 0 | T70: 0 | U70: 0 | AC70: 0 | AD70: 0 | AE70: 0 | AF70: 0 | AG70: =W66 -> 0.055555556 | AH70: =X66 -> 0 | AI70: =Y66 -> 0.055555556 | AJ70: =Z66 -> 0.055555556 | AL70: 0 | AM70: 0 | AN70: 0 | AO70: 0 | AP70: 0 | AQ70: 0 | AR70: 0 | AS70: =AA66 -> 0.16666667
R71: =I69 -> 0.055555556 | S71: 0 | T71: =J69 -> 0.055555556 | U71: =K69 -> 0.055555556
R72: =I70 -> 0.055555556 | S72: 0 | T72: =J70 -> 0.055555556 | U72: =K70 -> 0.055555556 | AL72: M-1
AL73: {=MINVERSE(AL63:AS70)} -> 3 | AM73: 0 | AN73: 0 | AO73: 0 | AP73: 0 | AQ73: 0 | AR73: 0 | AS73: 0
AL74: 0 | AM74: 6 | AN74: 0 | AO74: 0 | AP74: 0 | AQ74: 0 | AR74: 0 | AS74: 0
AL75: 0 | AM75: 0 | AN75: 3 | AO75: 0 | AP75: 0 | AQ75: 0 | AR75: 0 | AS75: 0
I76: K1 | W76: K full | X76: 8*8 | AL76: 0 | AM76: 0 | AN76: 0 | AO76: 6 | AP76: 0 | AQ76: 0 | AR76: 0 | AS76: 0
H77: 1 | I77: =V24*$H$294 -> 0.055408837 | J77: =W24*$H$294 -> -0.055408837 | K77: =X24*$H$294 -> 0 | M77: =I77 -> 0.055408837 | N77: =J77 -> -0.055408837 | O77: =K77 -> 0 | P77: 0 | R77: =M77+M82 -> 0.11057707 | S77: =N77+N82 -> -0.055408837 | T77: =O77+O82 -> 0 | U77: =P77+P82 -> -0.055168234 | W77: =R77 -> 0.11057707 | X77: =S77 -> -0.055408837 | Y77: =T77 -> 0 | Z77: =U77 -> -0.055168234 | AA77: 0 | AB77: 0 | AC77: 0 | AD77: 0 | AL77: 0 | AM77: 0 | AN77: 0 | AO77: 0 | AP77: 3 | AQ77: 0 | AR77: 0 | AS77: 0
H78: 2 | I78: =V25*$H$294 -> -0.055408837 | J78: =W25*$H$294 -> 0.11081767 | K78: =X25*$H$294 -> -0.055408837 | M78: =I78 -> -0.055408837 | N78: =J78 -> 0.11081767 | O78: =K78 -> -0.055408837 | P78: 0 | R78: =M78+M83 -> -0.055408837 | S78: =N78+N83 -> 0.11081767 | T78: =O78+O83 -> -0.055408837 | U78: =P78+P83 -> 0 | W78: =R78 -> -0.055408837 | X78: =S78 -> 0.11081767 | Y78: =T78 -> -0.055408837 | Z78: =U78 -> 0 | AA78: 0 | AB78: 0 | AC78: 0 | AD78: 0 | AL78: 0 | AM78: 0 | AN78: 0 | AO78: 0 | AP78: 0 | AQ78: 6 | AR78: 0 | AS78: 0
H79: 3 | I79: =V26*$H$294 -> 0 | J79: =W26*$H$294 -> -0.055408837 | K79: =X26*$H$294 -> 0.055408837 | M79: =I79 -> 0 | N79: =J79 -> -0.055408837 | O79: =K79 -> 0.055408837 | P79: 0 | R79: =M79+M84 -> 0 | S79: =N79+N84 -> -0.055408837 | T79: =O79+O84 -> 0.11057707 | U79: =P79+P84 -> -0.055168234 | W79: =R79 -> 0 | X79: =S79 -> -0.055408837 | Y79: =T79 -> 0.11057707 | Z79: =U79 -> -0.055168234 | AA79: 0 | AB79: 0 | AC79: 0 | AD79: 0 | AL79: 0 | AM79: 0 | AN79: 0 | AO79: 0 | AP79: 0 | AQ79: 0 | AR79: 3 | AS79: 0
M80: 0 | N80: 0 | O80: 0 | P80: 0 | R80: =M80+M85 -> -0.055168234 | S80: =N80+N85 -> 0 | T80: =O80+O85 -> -0.055168234 | U80: =P80+P85 -> 0.11033647 | W80: =R80 -> -0.055168234 | X80: =S80 -> 0 | Y80: =T80 -> -0.055168234 | Z80: =U80 -> 0.11033647 | AA80: 0 | AB80: 0 | AC80: 0 | AD80: 0 | AL80: 0 | AM80: 0 | AN80: 0 | AO80: 0 | AP80: 0 | AQ80: 0 | AR80: 0 | AS80: 6
I81: K2 | W81: 0 | X81: 0 | Y81: 0 | Z81: 0 | AA81: =R77 -> 0.11057707 | AB81: =S77 -> -0.055408837 | AC81: =T77 -> 0 | AD81: =U77 -> -0.055168234
H82: 1 | I82: =V50*$J$294 -> 0.055168234 | J82: =W50*$J$294 -> 0 | K82: =X50*$J$294 -> -0.055168234 | M82: =I82 -> 0.055168234 | N82: 0 | O82: =J82 -> 0 | P82: =K82 -> -0.055168234 | W82: 0 | X82: 0 | Y82: 0 | Z82: 0 | AA82: =R78 -> -0.055408837 | AB82: =S78 -> 0.11081767 | AC82: =T78 -> -0.055408837 | AD82: =U78 -> 0
H83: 3 | I83: =V51*$J$294 -> 0 | J83: =W51*$J$294 -> 0.055168234 | K83: =X51*$J$294 -> -0.055168234 | M83: 0 | N83: 0 | O83: 0 | P83: 0 | W83: 0 | X83: 0 | Y83: 0 | Z83: 0 | AA83: =R79 -> 0 | AB83: =S79 -> -0.055408837 | AC83: =T79 -> 0.11057707 | AD83: =U79 -> -0.055168234
H84: 4 | I84: =V52*$J$294 -> -0.055168234 | J84: =W52*$J$294 -> -0.055168234 | K84: =X52*$J$294 -> 0.11033647 | M84: 0 | N84: 0 | O84: =J83 -> 0.055168234 | P84: =K83 -> -0.055168234 | W84: 0 | X84: 0 | Y84: 0 | Z84: 0 | AA84: =R80 -> -0.055168234 | AB84: =S80 -> 0 | AC84: =T80 -> -0.055168234 | AD84: =U80 -> 0.11033647
M85: =I84 -> -0.055168234 | N85: 0 | O85: =J84 -> -0.055168234 | P85: =K84 -> 0.11033647
A86: пересчитывается на каждом шаге!!! | J86: постоянно пересчитываем значение в центре (можно и через функции формы)
A87: в матрице конвекции скорость задана в центре элемента (в точке интегрирования) | J87: ux | K87: uy
H88: 1 треуг | J88: =(C187+C189+C191)/3 -> 0.39539317 | K88: =(C188+C190+C192)/3 -> -0.10683818
H89: Bx | L89: C1
H90: {=P41*MMULT(I20:I22,E24:G24)} -> -0.16666667 | I90: 0.16666667 | J90: 0 | K90: 1 | L90: {=$J$88*H90+$K$88*H95} -> -0.065898861 | M90: =$J$88*I90+$K$88*I95 -> 0.083705225 | N90: =$J$88*J90+$K$88*J95 -> -0.017806364
H91: -0.16666667 | I91: 0.16666667 | J91: 0 | K91: 2 | L91: =$J$88*H91+$K$88*H96 -> -0.065898861 | M91: =$J$88*I91+$K$88*I96 -> 0.083705225 | N91: =$J$88*J91+$K$88*J96 -> -0.017806364
H92: -0.16666667 | I92: 0.16666667 | J92: 0 | K92: 3 | L92: =$J$88*H92+$K$88*H97 -> -0.065898861 | M92: =$J$88*I92+$K$88*I97 -> 0.083705225 | N92: =$J$88*J92+$K$88*J97 -> -0.017806364
H94: By | L94: =L90 -> -0.065898861 | M94: =M90 -> 0.083705225 | N94: =N90 -> -0.017806364 | O94: 0 | Q94: =L94+L106 -> -0.084722012 | R94: =M94+M106 -> 0.083705225 | S94: =N94+N106 -> 0.082485095 | T94: =O94+O106 -> -0.081468307
H95: {=P15*MMULT(I20:I22,E25:G25)} -> 0 | I95: -0.16666667 | J95: 0.16666667 | L95: =L91 -> -0.065898861 | M95: =M91 -> 0.083705225 | N95: =N91 -> -0.017806364 | O95: 0 | Q95: =L95+L107 -> -0.065898861 | R95: =M95+M107 -> 0.083705225 | S95: =N95+N107 -> -0.017806364 | T95: =O95+O107 -> 0
H96: 0 | I96: -0.16666667 | J96: 0.16666667 | L96: =L92 -> -0.065898861 | M96: =M92 -> 0.083705225 | N96: =N92 -> -0.017806364 | O96: 0 | Q96: =L96+L108 -> -0.084722012 | R96: =M96+M108 -> 0.083705225 | S96: =N96+N108 -> 0.082485095 | T96: =O96+O108 -> -0.081468307
H97: 0 | I97: -0.16666667 | J97: 0.16666667 | L97: 0 | M97: 0 | N97: 0 | O97: 0 | Q97: =L97+L109 -> -0.018823151 | R97: =M97+M109 -> 0 | S97: =N97+N109 -> 0.10029146 | T97: =O97+O109 -> -0.081468307
J99: ux | K99: uy
H100: 2 треуг | J100: =(C187+C191+C193)/3 -> 0.60174875 | K100: =(C188+C192+C194)/3 -> 0.1129389
H101: Bx | L101: C2 | Q101: С full | R101: 8*8
H102: {=P41*MMULT(I46:I48,E50:G50)} -> 0 | I102: 0.16666667 | J102: -0.16666667 | K102: 1 | L102: =$J$100*H102+$K$100*H107 -> -0.018823151 | M102: =$J$100*I102+$K$100*I107 -> 0.10029146 | N102: =$J$100*J102+$K$100*J107 -> -0.081468307 | Q102: =Q94 -> -0.084722012 | R102: =R94 -> 0.083705225 | S102: =S94 -> 0.082485095 | T102: =T94 -> -0.081468307 | U102: 0 | V102: 0 | W102: 0 | X102: 0
H103: 0 | I103: 0.16666667 | J103: -0.16666667 | K103: 3 | L103: =$J$100*H103+$K$100*H108 -> -0.018823151 | M103: =$J$100*I103+$K$100*I108 -> 0.10029146 | N103: =$J$100*J103+$K$100*J108 -> -0.081468307 | Q103: =Q95 -> -0.065898861 | R103: =R95 -> 0.083705225 | S103: =S95 -> -0.017806364 | T103: =T95 -> 0 | U103: 0 | V103: 0 | W103: 0 | X103: 0
H104: 0 | I104: 0.16666667 | J104: -0.16666667 | K104: 4 | L104: =$J$100*H104+$K$100*H109 -> -0.018823151 | M104: =$J$100*I104+$K$100*I109 -> 0.10029146 | N104: =$J$100*J104+$K$100*J109 -> -0.081468307 | Q104: =Q96 -> -0.084722012 | R104: =R96 -> 0.083705225 | S104: =S96 -> 0.082485095 | T104: =T96 -> -0.081468307 | U104: 0 | V104: 0 | W104: 0 | X104: 0
Q105: =Q97 -> -0.018823151 | R105: =R97 -> 0 | S105: =S97 -> 0.10029146 | T105: =T97 -> -0.081468307 | U105: 0 | V105: 0 | W105: 0 | X105: 0
H106: By | L106: =L102 -> -0.018823151 | M106: 0 | N106: =M102 -> 0.10029146 | O106: =N102 -> -0.081468307 | Q106: 0 | R106: 0 | S106: 0 | T106: 0 | U106: =Q94 -> -0.084722012 | V106: =R94 -> 0.083705225 | W106: =S94 -> 0.082485095 | X106: =T94 -> -0.081468307
H107: {=P41*MMULT(I46:I48,E51:G51)} -> -0.16666667 | I107: 0 | J107: 0.16666667 | L107: 0 | M107: 0 | N107: 0 | O107: 0 | Q107: 0 | R107: 0 | S107: 0 | T107: 0 | U107: =Q95 -> -0.065898861 | V107: =R95 -> 0.083705225 | W107: =S95 -> -0.017806364 | X107: =T95 -> 0
H108: -0.16666667 | I108: 0 | J108: 0.16666667 | L108: =L103 -> -0.018823151 | M108: 0 | N108: =M103 -> 0.10029146 | O108: =N103 -> -0.081468307 | Q108: 0 | R108: 0 | S108: 0 | T108: 0 | U108: =Q96 -> -0.084722012 | V108: =R96 -> 0.083705225 | W108: =S96 -> 0.082485095 | X108: =T96 -> -0.081468307
H109: -0.16666667 | I109: 0 | J109: 0.16666667 | L109: =L104 -> -0.018823151 | M109: 0 | N109: =M104 -> 0.10029146 | O109: =N104 -> -0.081468307 | Q109: 0 | R109: 0 | S109: 0 | T109: 0 | U109: =Q97 -> -0.018823151 | V109: 0 | W109: =S97 -> 0.10029146 | X109: =T97 -> -0.081468307
K113: глобальные узлы
K114: 1 | M114: 2 | O114: 3
...

Sheet 5 шаг 
R2: ρ | S2: 1
R3: Δt | S3: 0.03
D4: X | E4: Y | R4: γ | S4: 0.1 | U4: вязкость
C5: 1 | D5: 0 | E5: 0
C6: 2 | D6: 1 | E6: 0
C7: 3 | D7: 1 | E7: 1
C8: 4 | D8: 0 | E8: 1
B10: 1 треугольник | F10: X | G10: Y
E11: 1 | F11: =D5 -> 0 | G11: =E5 -> 0
B12: одна точка интегрирования | E12: 2 | F12: =D6 -> 1 | G12: =E6 -> 0
E13: 3 | F13: =D7 -> 1 | G13: =E7 -> 1
B14: ось | C14: координата т. интегр. | E14: производные функции формы | J14: матрица Якоби [J] | N14: detJ | P14: detJ* коэф | R14: один раз умножаем!!!!! | U14: {J]-1
B15: ξ | C15: =1/3 -> 0.33333333 | E15: -1 | F15: 1 | G15: 0 | J15: {=MMULT(E15:G16,F11:G13)} -> 1 | K15: 0 | N15: =MDETERM(J15:K16) -> 1 | P15: =N15*0.5 -> 0.5 | Q15: S | U15: {=MINVERSE(J15:K16)} -> 1 | V15: 0
B16: η | C16: =1/3 -> 0.33333333 | E16: -1 | F16: 0 | G16: 1 | J16: 1 | K16: 1 | U16: -1 | V16: 1
E19: N1 | F19: N2 | G19: N3 | I19: NT | K19: NT*N | O19: NT*N*detJ*коэф
E20: =1-C15-C16 -> 0.33333333 | F20: =C15 -> 0.33333333 | G20: =C16 -> 0.33333333 | I20: {=TRANSPOSE(E20:G20)} -> 0.33333333 | K20: {=MMULT(I20:I22,E20:G20)} -> 0.11111111 | L20: 0.11111111 | M20: 0.11111111 | O20: =K20*$P$15 -> 0.055555556 | P20: =L20*$P$15 -> 0.055555556 | Q20: =M20*$P$15 -> 0.055555556
I21: 0.33333333 | K21: 0.11111111 | L21: 0.11111111 | M21: 0.11111111 | O21: =K21*$P$15 -> 0.055555556 | P21: =L21*$P$15 -> 0.055555556 | Q21: =M21*$P$15 -> 0.055555556
E22: =SUM(E20:G20) -> 1 | I22: 0.33333333 | K22: 0.11111111 | L22: 0.11111111 | M22: 0.11111111 | O22: =K22*$P$15 -> 0.055555556 | P22: =L22*$P$15 -> 0.055555556 | Q22: =M22*$P$15 -> 0.055555556
V23: K1
E24: {=MMULT($U$15:$V$16,E15:E16)} -> -1 | F24: {=MMULT($U$15:$V$16,F15:F16)} -> 1 | G24: {=MMULT($U$15:$V$16,G15:G16)} -> 0 | O24: {=TRANSPOSE(E24:G25)} -> -1 | P24: 0 | R24: {=MMULT(O24:P26,E24:G25)} -> 1 | S24: -1 | T24: 0 | V24: =R24*$P$15 -> 0.5 | W24: =S24*$P$15 -> -0.5 | X24: =T24*$P$15 -> 0
E25: 0 | F25: -1 | G25: 1 | O25: 1 | P25: -1 | R25: -1 | S25: 2 | T25: -1 | V25: =R25*$P$15 -> -0.5 | W25: =S25*$P$15 -> 1 | X25: =T25*$P$15 -> -0.5
O26: 0 | P26: 1 | R26: 0 | S26: -1 | T26: 1 | V26: =R26*$P$15 -> 0 | W26: =S26*$P$15 -> -0.5 | X26: =T26*$P$15 -> 0.5
E27: B | L27: BT | P27: BT*B | W27: BT*B*det[J]*коэф
E28: =E24 -> -1 | F28: 0 | G28: =F24 -> 1 | H28: 0 | I28: =G24 -> 0 | J28: 0 | L28: {=TRANSPOSE(E28:J30)} -> -1 | M28: 0 | N28: 0 | P28: {=MMULT(L28:N33,E28:J30)} -> 1 | Q28: 0 | R28: -1 | S28: 0 | T28: 0 | U28: 0 | W28: =P28*$P$15 -> 0.5 | X28: =Q28*$P$15 -> 0 | Y28: =R28*$P$15 -> -0.5 | Z28: =S28*$P$15 -> 0 | AA28: =T28*$P$15 -> 0 | AB28: =U28*$P$15 -> 0
E29: 0 | F29: =E25 -> 0 | G29: 0 | H29: =F25 -> -1 | I29: 0 | J29: =G25 -> 1 | L29: 0 | M29: 0 | N29: -1 | P29: 0 | Q29: 1 | R29: 1 | S29: -1 | T29: -1 | U29: 0 | W29: =P29*$P$15 -> 0 | X29: =Q29*$P$15 -> 0.5 | Y29: =R29*$P$15 -> 0.5 | Z29: =S29*$P$15 -> -0.5 | AA29: =T29*$P$15 -> -0.5 | AB29: =U29*$P$15 -> 0
E30: =E25 -> 0 | F30: =E24 -> -1 | G30: =F25 -> -1 | H30: =F24 -> 1 | I30: =G25 -> 1 | J30: =G24 -> 0 | L30: 1 | M30: 0 | N30: -1 | P30: -1 | Q30: 1 | R30: 2 | S30: -1 | T30: -1 | U30: 0 | W30: =P30*$P$15 -> -0.5 | X30: =Q30*$P$15 -> 0.5 | Y30: =R30*$P$15 -> 1 | Z30: =S30*$P$15 -> -0.5 | AA30: =T30*$P$15 -> -0.5 | AB30: =U30*$P$15 -> 0
L31: 0 | M31: -1 | N31: 1 | P31: 0 | Q31: -1 | R31: -1 | S31: 2 | T31: 1 | U31: -1 | W31: =P31*$P$15 -> 0 | X31: =Q31*$P$15 -> -0.5 | Y31: =R31*$P$15 -> -0.5 | Z31: =S31*$P$15 -> 1 | AA31: =T31*$P$15 -> 0.5 | AB31: =U31*$P$15 -> -0.5
L32: 0 | M32: 0 | N32: 1 | P32: 0 | Q32: -1 | R32: -1 | S32: 1 | T32: 1 | U32: 0 | W32: =P32*$P$15 -> 0 | X32: =Q32*$P$15 -> -0.5 | Y32: =R32*$P$15 -> -0.5 | Z32: =S32*$P$15 -> 0.5 | AA32: =T32*$P$15 -> 0.5 | AB32: =U32*$P$15 -> 0
L33: 0 | M33: 1 | N33: 0 | P33: 0 | Q33: 0 | R33: 0 | S33: -1 | T33: 0 | U33: 1 | W33: =P33*$P$15 -> 0 | X33: =Q33*$P$15 -> 0 | Y33: =R33*$P$15 -> 0 | Z33: =S33*$P$15 -> -0.5 | AA33: =T33*$P$15 -> 0 | AB33: =U33*$P$15 -> 0.5
B36: 2 треугольник | F36: X | G36: Y
E37: 1 | F37: =D5 -> 0 | G37: =E5 -> 0
B38: одна точка интегрирования | E38: 3 | F38: =D7 -> 1 | G38: =E7 -> 1
E39: 4 | F39: =D8 -> 0 | G39: =E8 -> 1
B40: ось | C40: координата т. интегр. | E40: производные функции формы | J40: матрица Якоби [J] | N40: detJ | P40: detJ* коэф | R40: один раз умножаем!!!!! | U40: {J]-1
B41: ξ | C41: =1/3 -> 0.33333333 | E41: -1 | F41: 1 | G41: 0 | J41: {=MMULT(E41:G42,F37:G39)} -> 1 | K41: 1 | N41: =MDETERM(J41:K42) -> 1 | P41: =N41*0.5 -> 0.5 | Q41: S | U41: {=MINVERSE(J41:K42)} -> 1 | V41: -1
B42: η | C42: =1/3 -> 0.33333333 | E42: -1 | F42: 0 | G42: 1 | J42: 0 | K42: 1 | U42: 0 | V42: 1
E45: N1 | F45: N2 | G45: N3 | I45: NT | K45: NT*N | O45: NT*N*detJ*коэф
E46: =1-C41-C42 -> 0.33333333 | F46: =C41 -> 0.33333333 | G46: =C42 -> 0.33333333 | I46: {=TRANSPOSE(E46:G46)} -> 0.33333333 | K46: {=MMULT(I46:I48,E46:G46)} -> 0.11111111 | L46: 0.11111111 | M46: 0.11111111 | O46: =K46*$P$15 -> 0.055555556 | P46: =L46*$P$15 -> 0.055555556 | Q46: =M46*$P$15 -> 0.055555556
I47: 0.33333333 | K47: 0.11111111 | L47: 0.11111111 | M47: 0.11111111 | O47: =K47*$P$15 -> 0.055555556 | P47: =L47*$P$15 -> 0.055555556 | Q47: =M47*$P$15 -> 0.055555556
E48: =SUM(E46:G46) -> 1 | I48: 0.33333333 | K48: 0.11111111 | L48: 0.11111111 | M48: 0.11111111 | O48: =K48*$P$15 -> 0.055555556 | P48: =L48*$P$15 -> 0.055555556 | Q48: =M48*$P$15 -> 0.055555556
V49: K2
E50: {=MMULT($U$41:$V$42,E41:E42)} -> 0 | F50: {=MMULT($U$41:$V$42,F41:F42)} -> 1 | G50: {=MMULT($U$41:$V$42,G41:G42)} -> -1 | O50: {=TRANSPOSE(E50:G51)} -> 0 | P50: -1 | R50: {=MMULT(O50:P52,E50:G51)} -> 1 | S50: 0 | T50: -1 | V50: =R50*$P$41 -> 0.5 | W50: =S50*$P$41 -> 0 | X50: =T50*$P$41 -> -0.5
E51: -1 | F51: 0 | G51: 1 | O51: 1 | P51: 0 | R51: 0 | S51: 1 | T51: -1 | V51: =R51*$P$41 -> 0 | W51: =S51*$P$41 -> 0.5 | X51: =T51*$P$41 -> -0.5
O52: -1 | P52: 1 | R52: -1 | S52: -1 | T52: 2 | V52: =R52*$P$41 -> -0.5 | W52: =S52*$P$41 -> -0.5 | X52: =T52*$P$41 -> 1
E53: B | L53: BT | P53: BT*B | W53: BT*B*det[J]*коэф
E54: =E50 -> 0 | F54: 0 | G54: =F50 -> 1 | H54: 0 | I54: =G50 -> -1 | J54: 0 | L54: {=TRANSPOSE(E54:J56)} -> 0 | M54: 0 | N54: -1 | P54: {=MMULT(L54:N59,E54:J56)} -> 1 | Q54: 0 | R54: 0 | S54: -1 | T54: -1 | U54: 1 | W54: =P54*$P$41 -> 0.5 | X54: =Q54*$P$41 -> 0 | Y54: =R54*$P$41 -> 0 | Z54: =S54*$P$41 -> -0.5 | AA54: =T54*$P$41 -> -0.5 | AB54: =U54*$P$41 -> 0.5
E55: 0 | F55: {=E51} -> -1 | G55: 0 | H55: =F51 -> 0 | I55: 0 | J55: =G51 -> 1 | L55: 0 | M55: -1 | N55: 0 | P55: 0 | Q55: 1 | R55: 0 | S55: 0 | T55: 0 | U55: -1 | W55: =P55*$P$41 -> 0 | X55: =Q55*$P$41 -> 0.5 | Y55: =R55*$P$41 -> 0 | Z55: =S55*$P$41 -> 0 | AA55: =T55*$P$41 -> 0 | AB55: =U55*$P$41 -> -0.5
E56: =E51 -> -1 | F56: =E50 -> 0 | G56: =F51 -> 0 | H56: =F50 -> 1 | I56: =G51 -> 1 | J56: =G50 -> -1 | L56: 1 | M56: 0 | N56: 0 | P56: 0 | Q56: 0 | R56: 1 | S56: 0 | T56: -1 | U56: 0 | W56: =P56*$P$41 -> 0 | X56: =Q56*$P$41 -> 0 | Y56: =R56*$P$41 -> 0.5 | Z56: =S56*$P$41 -> 0 | AA56: =T56*$P$41 -> -0.5 | AB56: =U56*$P$41 -> 0
L57: 0 | M57: 0 | N57: 1 | P57: -1 | Q57: 0 | R57: 0 | S57: 1 | T57: 1 | U57: -1 | W57: =P57*$P$41 -> -0.5 | X57: =Q57*$P$41 -> 0 | Y57: =R57*$P$41 -> 0 | Z57: =S57*$P$41 -> 0.5 | AA57: =T57*$P$41 -> 0.5 | AB57: =U57*$P$41 -> -0.5
L58: -1 | M58: 0 | N58: 1 | P58: -1 | Q58: 0 | R58: -1 | S58: 1 | T58: 2 | U58: -1 | W58: =P58*$P$41 -> -0.5 | X58: =Q58*$P$41 -> 0 | Y58: =R58*$P$41 -> -0.5 | Z58: =S58*$P$41 -> 0.5 | AA58: =T58*$P$41 -> 1 | AB58: =U58*$P$41 -> -0.5
L59: 0 | M59: 1 | N59: -1 | P59: 1 | Q59: -1 | R59: 0 | S59: -1 | T59: -1 | U59: 2 | W59: =P59*$P$41 -> 0.5 | X59: =Q59*$P$41 -> -0.5 | Y59: =R59*$P$41 -> 0 | Z59: =S59*$P$41 -> -0.5 | AA59: =T59*$P$41 -> -0.5 | AB59: =U59*$P$41 -> 1
A60: не забыть плотность!!!
M61: M global | N61: 8*8
I62: M1 | R62: M1 scalar | W62: M scalar | AA62: M lump | AC62: M global
H63: 1 | I63: =O20 -> 0.055555556 | J63: =P20 -> 0.055555556 | K63: =Q20 -> 0.055555556 | R63: =I63 -> 0.055555556 | S63: =J63 -> 0.055555556 | T63: =K63 -> 0.055555556 | U63: 0 | W63: =R63+R69 -> 0.11111111 | X63: =S63+S69 -> 0.055555556 | Y63: =T63+T69 -> 0.11111111 | Z63: =U63+U69 -> 0.055555556 | AA63: =SUM(W63:Z63) -> 0.33333333 | AC63: =W63 -> 0.11111111 | AD63: =X63 -> 0.055555556 | AE63: =Y63 -> 0.11111111 | AF63: =Z63 -> 0.055555556 | AG63: 0 | AH63: 0 | AI63: 0 | AJ63: 0 | AL63: =AA63 -> 0.33333333 | AM63: 0 | AN63: 0 | AO63: 0 | AP63: 0 | AQ63: 0 | AR63: 0 | AS63: 0
H64: 2 | I64: =O21 -> 0.055555556 | J64: =P21 -> 0.055555556 | K64: =Q21 -> 0.055555556 | R64: =I64 -> 0.055555556 | S64: =J64 -> 0.055555556 | T64: =K64 -> 0.055555556 | U64: 0 | W64: =R64+R70 -> 0.055555556 | X64: =S64+S70 -> 0.055555556 | Y64: =T64+T70 -> 0.055555556 | Z64: =U64+U70 -> 0 | AA64: =SUM(W64:Z64) -> 0.16666667 | AC64: =W64 -> 0.055555556 | AD64: =X64 -> 0.055555556 | AE64: =Y64 -> 0.055555556 | AF64: =Z64 -> 0 | AG64: 0 | AH64: 0 | AI64: 0 | AJ64: 0 | AL64: 0 | AM64: =AA64 -> 0.16666667 | AN64: 0 | AO64: 0 | AP64: 0 | AQ64: 0 | AR64: 0 | AS64: 0
H65: 3 | I65: =O22 -> 0.055555556 | J65: =P22 -> 0.055555556 | K65: =Q22 -> 0.055555556 | R65: =I65 -> 0.055555556 | S65: =J65 -> 0.055555556 | T65: =K65 -> 0.055555556 | U65: 0 | W65: =R65+R71 -> 0.11111111 | X65: =S65+S71 -> 0.055555556 | Y65: =T65+T71 -> 0.11111111 | Z65: =U65+U71 -> 0.055555556 | AA65: =SUM(W65:Z65) -> 0.33333333 | AC65: =W65 -> 0.11111111 | AD65: =X65 -> 0.055555556 | AE65: =Y65 -> 0.11111111 | AF65: =Z65 -> 0.055555556 | AG65: 0 | AH65: 0 | AI65: 0 | AJ65: 0 | AL65: 0 | AM65: 0 | AN65: =AA65 -> 0.33333333 | AO65: 0 | AP65: 0 | AQ65: 0 | AR65: 0 | AS65: 0
R66: 0 | S66: 0 | T66: 0 | U66: 0 | W66: =R66+R72 -> 0.055555556 | X66: =S66+S72 -> 0 | Y66: =T66+T72 -> 0.055555556 | Z66: =U66+U72 -> 0.055555556 | AA66: =SUM(W66:Z66) -> 0.16666667 | AC66: =W66 -> 0.055555556 | AD66: =X66 -> 0 | AE66: =Y66 -> 0.055555556 | AF66: =Z66 -> 0.055555556 | AG66: 0 | AH66: 0 | AI66: 0 | AJ66: 0 | AL66: 0 | AM66: 0 | AN66: 0 | AO66: =AA66 -> 0.16666667 | AP66: 0 | AQ66: 0 | AR66: 0 | AS66: 0
I67: M2 | AC67: 0 | AD67: 0 | AE67: 0 | AF67: 0 | AG67: =W63 -> 0.11111111 | AH67: =X63 -> 0.055555556 | AI67: =Y63 -> 0.11111111 | AJ67: =Z63 -> 0.055555556 | AL67: 0 | AM67: 0 | AN67: 0 | AO67: 0 | AP67: =AA63 -> 0.33333333 | AQ67: 0 | AR67: 0 | AS67: 0
H68: 1 | I68: =O46 -> 0.055555556 | J68: =P46 -> 0.055555556 | K68: =Q46 -> 0.055555556 | R68: M2 scalar | AC68: 0 | AD68: 0 | AE68: 0 | AF68: 0 | AG68: =W64 -> 0.055555556 | AH68: =X64 -> 0.055555556 | AI68: =Y64 -> 0.055555556 | AJ68: =Z64 -> 0 | AL68: 0 | AM68: 0 | AN68: 0 | AO68: 0 | AP68: 0 | AQ68: =AA64 -> 0.16666667 | AR68: 0 | AS68: 0
H69: 3 | I69: =O47 -> 0.055555556 | J69: =P47 -> 0.055555556 | K69: =Q47 -> 0.055555556 | R69: =I68 -> 0.055555556 | S69: 0 | T69: =J68 -> 0.055555556 | U69: =K68 -> 0.055555556 | AC69: 0 | AD69: 0 | AE69: 0 | AF69: 0 | AG69: =W65 -> 0.11111111 | AH69: =X65 -> 0.055555556 | AI69: =Y65 -> 0.11111111 | AJ69: =Z65 -> 0.055555556 | AL69: 0 | AM69: 0 | AN69: 0 | AO69: 0 | AP69: 0 | AQ69: 0 | AR69: =AA65 -> 0.33333333 | AS69: 0
H70: 4 | I70: =O48 -> 0.055555556 | J70: =P48 -> 0.055555556 | K70: =Q48 -> 0.055555556 | R70: 0 | S70: 0 | T70: 0 | U70: 0 | AC70: 0 | AD70: 0 | AE70: 0 | AF70: 0 | AG70: =W66 -> 0.055555556 | AH70: =X66 -> 0 | AI70: =Y66 -> 0.055555556 | AJ70: =Z66 -> 0.055555556 | AL70: 0 | AM70: 0 | AN70: 0 | AO70: 0 | AP70: 0 | AQ70: 0 | AR70: 0 | AS70: =AA66 -> 0.16666667
R71: =I69 -> 0.055555556 | S71: 0 | T71: =J69 -> 0.055555556 | U71: =K69 -> 0.055555556
R72: =I70 -> 0.055555556 | S72: 0 | T72: =J70 -> 0.055555556 | U72: =K70 -> 0.055555556 | AL72: M-1
AL73: {=MINVERSE(AL63:AS70)} -> 3 | AM73: 0 | AN73: 0 | AO73: 0 | AP73: 0 | AQ73: 0 | AR73: 0 | AS73: 0
AL74: 0 | AM74: 6 | AN74: 0 | AO74: 0 | AP74: 0 | AQ74: 0 | AR74: 0 | AS74: 0
AL75: 0 | AM75: 0 | AN75: 3 | AO75: 0 | AP75: 0 | AQ75: 0 | AR75: 0 | AS75: 0
I76: K1 | W76: K full | X76: 8*8 | AL76: 0 | AM76: 0 | AN76: 0 | AO76: 6 | AP76: 0 | AQ76: 0 | AR76: 0 | AS76: 0
H77: 1 | I77: =V24*$H$294 -> 0.055416589 | J77: =W24*$H$294 -> -0.055416589 | K77: =X24*$H$294 -> 0 | M77: =I77 -> 0.055416589 | N77: =J77 -> -0.055416589 | O77: =K77 -> 0 | P77: 0 | R77: =M77+M82 -> 0.11051402 | S77: =N77+N82 -> -0.055416589 | T77: =O77+O82 -> 0 | U77: =P77+P82 -> -0.055097434 | W77: =R77 -> 0.11051402 | X77: =S77 -> -0.055416589 | Y77: =T77 -> 0 | Z77: =U77 -> -0.055097434 | AA77: 0 | AB77: 0 | AC77: 0 | AD77: 0 | AL77: 0 | AM77: 0 | AN77: 0 | AO77: 0 | AP77: 3 | AQ77: 0 | AR77: 0 | AS77: 0
H78: 2 | I78: =V25*$H$294 -> -0.055416589 | J78: =W25*$H$294 -> 0.11083318 | K78: =X25*$H$294 -> -0.055416589 | M78: =I78 -> -0.055416589 | N78: =J78 -> 0.11083318 | O78: =K78 -> -0.055416589 | P78: 0 | R78: =M78+M83 -> -0.055416589 | S78: =N78+N83 -> 0.11083318 | T78: =O78+O83 -> -0.055416589 | U78: =P78+P83 -> 0 | W78: =R78 -> -0.055416589 | X78: =S78 -> 0.11083318 | Y78: =T78 -> -0.055416589 | Z78: =U78 -> 0 | AA78: 0 | AB78: 0 | AC78: 0 | AD78: 0 | AL78: 0 | AM78: 0 | AN78: 0 | AO78: 0 | AP78: 0 | AQ78: 6 | AR78: 0 | AS78: 0
H79: 3 | I79: =V26*$H$294 -> 0 | J79: =W26*$H$294 -> -0.055416589 | K79: =X26*$H$294 -> 0.055416589 | M79: =I79 -> 0 | N79: =J79 -> -0.055416589 | O79: =K79 -> 0.055416589 | P79: 0 | R79: =M79+M84 -> 0 | S79: =N79+N84 -> -0.055416589 | T79: =O79+O84 -> 0.11051402 | U79: =P79+P84 -> -0.055097434 | W79: =R79 -> 0 | X79: =S79 -> -0.055416589 | Y79: =T79 -> 0.11051402 | Z79: =U79 -> -0.055097434 | AA79: 0 | AB79: 0 | AC79: 0 | AD79: 0 | AL79: 0 | AM79: 0 | AN79: 0 | AO79: 0 | AP79: 0 | AQ79: 0 | AR79: 3 | AS79: 0
M80: 0 | N80: 0 | O80: 0 | P80: 0 | R80: =M80+M85 -> -0.055097434 | S80: =N80+N85 -> 0 | T80: =O80+O85 -> -0.055097434 | U80: =P80+P85 -> 0.11019487 | W80: =R80 -> -0.055097434 | X80: =S80 -> 0 | Y80: =T80 -> -0.055097434 | Z80: =U80 -> 0.11019487 | AA80: 0 | AB80: 0 | AC80: 0 | AD80: 0 | AL80: 0 | AM80: 0 | AN80: 0 | AO80: 0 | AP80: 0 | AQ80: 0 | AR80: 0 | AS80: 6
I81: K2 | W81: 0 | X81: 0 | Y81: 0 | Z81: 0 | AA81: =R77 -> 0.11051402 | AB81: =S77 -> -0.055416589 | AC81: =T77 -> 0 | AD81: =U77 -> -0.055097434
H82: 1 | I82: =V50*$J$294 -> 0.055097434 | J82: =W50*$J$294 -> 0 | K82: =X50*$J$294 -> -0.055097434 | M82: =I82 -> 0.055097434 | N82: 0 | O82: =J82 -> 0 | P82: =K82 -> -0.055097434 | W82: 0 | X82: 0 | Y82: 0 | Z82: 0 | AA82: =R78 -> -0.055416589 | AB82: =S78 -> 0.11083318 | AC82: =T78 -> -0.055416589 | AD82: =U78 -> 0
H83: 3 | I83: =V51*$J$294 -> 0 | J83: =W51*$J$294 -> 0.055097434 | K83: =X51*$J$294 -> -0.055097434 | M83: 0 | N83: 0 | O83: 0 | P83: 0 | W83: 0 | X83: 0 | Y83: 0 | Z83: 0 | AA83: =R79 -> 0 | AB83: =S79 -> -0.055416589 | AC83: =T79 -> 0.11051402 | AD83: =U79 -> -0.055097434
H84: 4 | I84: =V52*$J$294 -> -0.055097434 | J84: =W52*$J$294 -> -0.055097434 | K84: =X52*$J$294 -> 0.11019487 | M84: 0 | N84: 0 | O84: =J83 -> 0.055097434 | P84: =K83 -> -0.055097434 | W84: 0 | X84: 0 | Y84: 0 | Z84: 0 | AA84: =R80 -> -0.055097434 | AB84: =S80 -> 0 | AC84: =T80 -> -0.055097434 | AD84: =U80 -> 0.11019487
M85: =I84 -> -0.055097434 | N85: 0 | O85: =J84 -> -0.055097434 | P85: =K84 -> 0.11019487
A86: пересчитывается на каждом шаге!!! | J86: постоянно пересчитываем значение в центре (можно и через функции формы)
A87: в матрице конвекции скорость задана в центре элемента (в точке интегрирования) | J87: ux | K87: uy
H88: 1 треуг | J88: =(C187+C189+C191)/3 -> 0.39803618 | K88: =(C188+C190+C192)/3 -> -0.10524785
H89: Bx | L89: C1
H90: {=P41*MMULT(I20:I22,E24:G24)} -> -0.16666667 | I90: 0.16666667 | J90: 0 | K90: 1 | L90: {=$J$88*H90+$K$88*H95} -> -0.066339364 | M90: =$J$88*I90+$K$88*I95 -> 0.083880672 | N90: =$J$88*J90+$K$88*J95 -> -0.017541308
H91: -0.16666667 | I91: 0.16666667 | J91: 0 | K91: 2 | L91: =$J$88*H91+$K$88*H96 -> -0.066339364 | M91: =$J$88*I91+$K$88*I96 -> 0.083880672 | N91: =$J$88*J91+$K$88*J96 -> -0.017541308
H92: -0.16666667 | I92: 0.16666667 | J92: 0 | K92: 3 | L92: =$J$88*H92+$K$88*H97 -> -0.066339364 | M92: =$J$88*I92+$K$88*I97 -> 0.083880672 | N92: =$J$88*J92+$K$88*J97 -> -0.017541308
H94: By | L94: =L90 -> -0.066339364 | M94: =M90 -> 0.083880672 | N94: =N90 -> -0.017541308 | O94: 0 | Q94: =L94+L106 -> -0.085529907 | R94: =M94+M106 -> 0.083880672 | S94: =N94+N106 -> 0.082448972 | T94: =O94+O106 -> -0.080799737
H95: {=P15*MMULT(I20:I22,E25:G25)} -> 0 | I95: -0.16666667 | J95: 0.16666667 | L95: =L91 -> -0.066339364 | M95: =M91 -> 0.083880672 | N95: =N91 -> -0.017541308 | O95: 0 | Q95: =L95+L107 -> -0.066339364 | R95: =M95+M107 -> 0.083880672 | S95: =N95+N107 -> -0.017541308 | T95: =O95+O107 -> 0
H96: 0 | I96: -0.16666667 | J96: 0.16666667 | L96: =L92 -> -0.066339364 | M96: =M92 -> 0.083880672 | N96: =N92 -> -0.017541308 | O96: 0 | Q96: =L96+L108 -> -0.085529907 | R96: =M96+M108 -> 0.083880672 | S96: =N96+N108 -> 0.082448972 | T96: =O96+O108 -> -0.080799737
H97: 0 | I97: -0.16666667 | J97: 0.16666667 | L97: 0 | M97: 0 | N97: 0 | O97: 0 | Q97: =L97+L109 -> -0.019190543 | R97: =M97+M109 -> 0 | S97: =N97+N109 -> 0.09999028 | T97: =O97+O109 -> -0.080799737
J99: ux | K99: uy
H100: 2 треуг | J100: =(C187+C191+C193)/3 -> 0.59994168 | K100: =(C188+C192+C194)/3 -> 0.11514326
H101: Bx | L101: C2 | Q101: С full | R101: 8*8
H102: {=P41*MMULT(I46:I48,E50:G50)} -> 0 | I102: 0.16666667 | J102: -0.16666667 | K102: 1 | L102: =$J$100*H102+$K$100*H107 -> -0.019190543 | M102: =$J$100*I102+$K$100*I107 -> 0.09999028 | N102: =$J$100*J102+$K$100*J107 -> -0.080799737 | Q102: =Q94 -> -0.085529907 | R102: =R94 -> 0.083880672 | S102: =S94 -> 0.082448972 | T102: =T94 -> -0.080799737 | U102: 0 | V102: 0 | W102: 0 | X102: 0
H103: 0 | I103: 0.16666667 | J103: -0.16666667 | K103: 3 | L103: =$J$100*H103+$K$100*H108 -> -0.019190543 | M103: =$J$100*I103+$K$100*I108 -> 0.09999028 | N103: =$J$100*J103+$K$100*J108 -> -0.080799737 | Q103: =Q95 -> -0.066339364 | R103: =R95 -> 0.083880672 | S103: =S95 -> -0.017541308 | T103: =T95 -> 0 | U103: 0 | V103: 0 | W103: 0 | X103: 0
H104: 0 | I104: 0.16666667 | J104: -0.16666667 | K104: 4 | L104: =$J$100*H104+$K$100*H109 -> -0.019190543 | M104: =$J$100*I104+$K$100*I109 -> 0.09999028 | N104: =$J$100*J104+$K$100*J109 -> -0.080799737 | Q104: =Q96 -> -0.085529907 | R104: =R96 -> 0.083880672 | S104: =S96 -> 0.082448972 | T104: =T96 -> -0.080799737 | U104: 0 | V104: 0 | W104: 0 | X104: 0
Q105: =Q97 -> -0.019190543 | R105: =R97 -> 0 | S105: =S97 -> 0.09999028 | T105: =T97 -> -0.080799737 | U105: 0 | V105: 0 | W105: 0 | X105: 0
H106: By | L106: =L102 -> -0.019190543 | M106: 0 | N106: =M102 -> 0.09999028 | O106: =N102 -> -0.080799737 | Q106: 0 | R106: 0 | S106: 0 | T106: 0 | U106: =Q94 -> -0.085529907 | V106: =R94 -> 0.083880672 | W106: =S94 -> 0.082448972 | X106: =T94 -> -0.080799737
H107: {=P41*MMULT(I46:I48,E51:G51)} -> -0.16666667 | I107: 0 | J107: 0.16666667 | L107: 0 | M107: 0 | N107: 0 | O107: 0 | Q107: 0 | R107: 0 | S107: 0 | T107: 0 | U107: =Q95 -> -0.066339364 | V107: =R95 -> 0.083880672 | W107: =S95 -> -0.017541308 | X107: =T95 -> 0
H108: -0.16666667 | I108: 0 | J108: 0.16666667 | L108: =L103 -> -0.019190543 | M108: 0 | N108: =M103 -> 0.09999028 | O108: =N103 -> -0.080799737 | Q108: 0 | R108: 0 | S108: 0 | T108: 0 | U108: =Q96 -> -0.085529907 | V108: =R96 -> 0.083880672 | W108: =S96 -> 0.082448972 | X108: =T96 -> -0.080799737
H109: -0.16666667 | I109: 0 | J109: 0.16666667 | L109: =L104 -> -0.019190543 | M109: 0 | N109: =M104 -> 0.09999028 | O109: =N104 -> -0.080799737 | Q109: 0 | R109: 0 | S109: 0 | T109: 0 | U109: =Q97 -> -0.019190543 | V109: 0 | W109: =S97 -> 0.09999028 | X109: =T97 -> -0.080799737
K113: глобальные узлы
...
